period_name,debit,credit
Jan-25,1871837.77,1871837.77
Feb-25,774049.22,774049.22
Mar-25,1082730.51,1082730.51
Apr-25,1332581.73,1332581.73
May-25,1615965.29,1615965.29
Jun-25,1747159.77,1747159.77
Jul-25,1406358.13,1406358.13
Aug-25,1330895.21,1330895.21
Sep-25,1282143.92,1282143.92
Oct-25,1295467.61,1295467.61
Nov-25,1141102.06,1141102.06
Dec-25,1133771.99,1133771.99
Jan-26,1119510.76,1119510.76
Feb-26,936715.91,936715.91
Mar-26,1323952.56,1323952.56
Apr-26,1887653.59,1887653.59
May-26,1580399.64,1580399.64
Jun-26,1665613.14,1665613.14
Jul-26,1533327.89,1533327.89
Aug-26,1427226.21,1427226.21
Sep-26,1227763.87,1227763.87
