c_elementvalue_id,value,name,accounttype,accounttype_name,accountsign,issummary,parent_id,parent_value,level1,level2,level3,isbalancesheet,balancesheet_line,profitloss_line
1000,1,Assets,A,Asset,N,Y,,,1 Assets,,,Y,Assets,
1001,11,Cash,A,Asset,N,Y,1000,1,1 Assets,11 Cash,,Y,Cash,
1002,11100,Checking Account,A,Asset,N,N,1001,11,1 Assets,11 Cash,,Y,,
1003,11110,Checking In-Transfer,A,Asset,N,N,1001,11,1 Assets,11 Cash,,Y,,
1004,11120,Checking Unidentified Receipts,A,Asset,N,N,1001,11,1 Assets,11 Cash,,Y,,
1005,11130,Checking Unallocated Receipts,A,Asset,N,N,1001,11,1 Assets,11 Cash,,Y,,
1006,11200,Checking Account 2,A,Asset,N,N,1001,11,1 Assets,11 Cash,,Y,,
1007,11300,Savings Account,A,Asset,N,N,1001,11,1 Assets,11 Cash,,Y,,
1008,11800,Cash in Registers,A,Asset,N,N,1001,11,1 Assets,11 Cash,,Y,,
1009,11900,Petty Cash,A,Asset,N,N,1001,11,1 Assets,11 Cash,,Y,,
1010,11910,Petty Cash In-Transfer,A,Asset,N,N,1001,11,1 Assets,11 Cash,,Y,,
1011,12,Accounts Receivable,A,Asset,N,Y,1000,1,1 Assets,12 Accounts Receivable,,Y,Accounts Receivable,
1012,121,Accounts Receivable - Trade,A,Asset,N,Y,1011,12,1 Assets,12 Accounts Receivable,121 Accounts Receivable - Trade,Y,,
1013,12110,Accounts Receivable - Trade,A,Asset,N,N,1012,121,1 Assets,12 Accounts Receivable,121 Accounts Receivable - Trade,Y,,
1014,12115,Accounts Receivable Services - Trade,A,Asset,N,N,1012,121,1 Assets,12 Accounts Receivable,121 Accounts Receivable - Trade,Y,,
1015,12120,A/R Non Sufficient Funds Returned Checks,A,Asset,N,N,1012,121,1 Assets,12 Accounts Receivable,121 Accounts Receivable - Trade,Y,,
1016,12180,A/R Trade Allowance for Bad Debit,A,Asset,N,N,1012,121,1 Assets,12 Accounts Receivable,121 Accounts Receivable - Trade,Y,,
1017,12190,Not invoiced receivables,A,Asset,N,N,1012,121,1 Assets,12 Accounts Receivable,121 Accounts Receivable - Trade,Y,,
1018,122,Credit Card in Transit,A,Asset,N,Y,1011,12,1 Assets,12 Accounts Receivable,122 Credit Card in Transit,Y,,
1019,12210,In Transit A/R Amex,A,Asset,N,N,1018,122,1 Assets,12 Accounts Receivable,122 Credit Card in Transit,Y,,
1020,12220,In Transit A/R Master Card,A,Asset,N,N,1018,122,1 Assets,12 Accounts Receivable,122 Credit Card in Transit,Y,,
1021,12230,In Transit A/R Visa,A,Asset,N,N,1018,122,1 Assets,12 Accounts Receivable,122 Credit Card in Transit,Y,,
1022,12240,In Transit A/R ATM Cards,A,Asset,N,N,1018,122,1 Assets,12 Accounts Receivable,122 Credit Card in Transit,Y,,
1023,12290,A/R Credit Cards Allowance for Bad Debit,A,Asset,N,N,1018,122,1 Assets,12 Accounts Receivable,122 Credit Card in Transit,Y,,
1024,12300,Vendor Allowances Receivable,A,Asset,N,N,1011,12,1 Assets,12 Accounts Receivable,,Y,,
1025,124,Loans Receivable,A,Asset,N,Y,1011,12,1 Assets,12 Accounts Receivable,124 Loans Receivable,Y,,
1026,12410,Loans Receivable Employees,A,Asset,N,N,1025,124,1 Assets,12 Accounts Receivable,124 Loans Receivable,Y,,
1027,12420,Loans Receivable Owners/Shareholders,A,Asset,N,N,1025,124,1 Assets,12 Accounts Receivable,124 Loans Receivable,Y,,
1028,12440,Loans Receivable Others,A,Asset,N,N,1025,124,1 Assets,12 Accounts Receivable,124 Loans Receivable,Y,,
1029,125,Prepayments,A,Asset,N,Y,1011,12,1 Assets,12 Accounts Receivable,125 Prepayments,Y,,
1030,12510,Vendor prepayment,A,Asset,N,N,1029,125,1 Assets,12 Accounts Receivable,125 Prepayments,Y,,
1031,12520,Employee Expense Prepayment,A,Asset,N,N,1029,125,1 Assets,12 Accounts Receivable,125 Prepayments,Y,,
1032,126,Tax receivables,A,Asset,N,Y,1011,12,1 Assets,12 Accounts Receivable,126 Tax receivables,Y,,
1033,12610,Tax credit A/R,A,Asset,N,N,1032,126,1 Assets,12 Accounts Receivable,126 Tax receivables,Y,,
1034,12620,Tax receivables,A,Asset,N,N,1032,126,1 Assets,12 Accounts Receivable,126 Tax receivables,Y,,
1035,12800,Intercompany Due From,A,Asset,N,N,1011,12,1 Assets,12 Accounts Receivable,,Y,,
1036,12900,A/R Miscellaneous,A,Asset,N,N,1011,12,1 Assets,12 Accounts Receivable,,Y,,
1037,13,Investments,A,Asset,N,Y,1000,1,1 Assets,13 Investments,,Y,Investments,
1038,13100,US Government Obligations,A,Asset,N,N,1037,13,1 Assets,13 Investments,,Y,,
1039,13200,Tax-Exempt Securities,A,Asset,N,N,1037,13,1 Assets,13 Investments,,Y,,
1040,13300,Other Investments,A,Asset,N,N,1037,13,1 Assets,13 Investments,,Y,,
1041,14,Inventory,A,Asset,N,Y,1000,1,1 Assets,14 Inventory,,Y,Inventory,
1042,14100,General Trade Inventory,A,Asset,N,N,1041,14,1 Assets,14 Inventory,,Y,,
1043,14120,Product asset,A,Asset,N,N,1041,14,1 Assets,14 Inventory,,Y,,
1044,14130,Work In Process,A,Asset,N,N,1041,14,1 Assets,14 Inventory,,Y,,
1045,14140,Floor Stock,A,Asset,N,N,1041,14,1 Assets,14 Inventory,,Y,,
1046,15,"Prepaid Expenses, Deposits & Other Current Assets",A,Asset,N,Y,1000,1,1 Assets,"15 Prepaid Expenses, Deposits & Other Current Assets",,Y,"Prepaid Expenses, Deposits & Other Current Assets",
1047,151,Prepaid Expenses,A,Asset,N,Y,1046,15,1 Assets,"15 Prepaid Expenses, Deposits & Other Current Assets",151 Prepaid Expenses,Y,,
1048,15110,Prepaid Insurance,A,Asset,N,N,1047,151,1 Assets,"15 Prepaid Expenses, Deposits & Other Current Assets",151 Prepaid Expenses,Y,,
1049,15120,Prepaid Rent,A,Asset,N,N,1047,151,1 Assets,"15 Prepaid Expenses, Deposits & Other Current Assets",151 Prepaid Expenses,Y,,
1050,15130,Prepaid Interest,A,Asset,N,N,1047,151,1 Assets,"15 Prepaid Expenses, Deposits & Other Current Assets",151 Prepaid Expenses,Y,,
1051,15190,Prepaid Others,A,Asset,N,N,1047,151,1 Assets,"15 Prepaid Expenses, Deposits & Other Current Assets",151 Prepaid Expenses,Y,,
1052,152,Deposits,A,Asset,N,Y,1046,15,1 Assets,"15 Prepaid Expenses, Deposits & Other Current Assets",152 Deposits,Y,,
1053,15210,Deposit Rent,A,Asset,N,N,1052,152,1 Assets,"15 Prepaid Expenses, Deposits & Other Current Assets",152 Deposits,Y,,
1054,15220,Deposit Utilities,A,Asset,N,N,1052,152,1 Assets,"15 Prepaid Expenses, Deposits & Other Current Assets",152 Deposits,Y,,
1055,15290,Deposit Others,A,Asset,N,N,1052,152,1 Assets,"15 Prepaid Expenses, Deposits & Other Current Assets",152 Deposits,Y,,
1056,153,Other Current Assets,A,Asset,N,Y,1046,15,1 Assets,"15 Prepaid Expenses, Deposits & Other Current Assets",153 Other Current Assets,Y,,
1057,15300,Other Current Assets,A,Asset,N,N,1056,153,1 Assets,"15 Prepaid Expenses, Deposits & Other Current Assets",153 Other Current Assets,Y,,
1059,16,Land and Building,A,Asset,N,Y,1000,1,1 Assets,16 Land and Building,,Y,Land and Building,
1060,16100,Land,A,Asset,N,N,1059,16,1 Assets,16 Land and Building,,Y,,
1061,16200,Building,A,Asset,N,N,1059,16,1 Assets,16 Land and Building,,Y,,
1062,16300,Land Improvements,A,Asset,N,N,1059,16,1 Assets,16 Land and Building,,Y,,
1063,16400,Building Improvements,A,Asset,N,N,1059,16,1 Assets,16 Land and Building,,Y,,
1064,16500,Leasehold Improvements,A,Asset,N,N,1059,16,1 Assets,16 Land and Building,,Y,,
1065,17,"Furniture, Fixtures & Equipment",A,Asset,N,Y,1000,1,1 Assets,"17 Furniture, Fixtures & Equipment",,Y,"Furniture, Fixtures & Equipment",
1066,17100,Furniture,A,Asset,N,N,1065,17,1 Assets,"17 Furniture, Fixtures & Equipment",,Y,,
1067,17200,Fixtures,A,Asset,N,N,1065,17,1 Assets,"17 Furniture, Fixtures & Equipment",,Y,,
1068,17300,Equipment,A,Asset,N,N,1065,17,1 Assets,"17 Furniture, Fixtures & Equipment",,Y,,
1069,17400,Vehicles,A,Asset,N,N,1065,17,1 Assets,"17 Furniture, Fixtures & Equipment",,Y,,
1070,17500,Data Processing Equipment,A,Asset,N,N,1065,17,1 Assets,"17 Furniture, Fixtures & Equipment",,Y,,
1071,17600,Software,A,Asset,N,N,1065,17,1 Assets,"17 Furniture, Fixtures & Equipment",,Y,,
1072,177,Project Assets,A,Asset,N,Y,1065,17,1 Assets,"17 Furniture, Fixtures & Equipment",177 Project Assets,Y,,
1073,17710,Project asset,A,Asset,N,N,1072,177,1 Assets,"17 Furniture, Fixtures & Equipment",177 Project Assets,Y,,
1074,17720,Project WIP,A,Asset,N,N,1072,177,1 Assets,"17 Furniture, Fixtures & Equipment",177 Project Assets,Y,,
1075,18,Accumulated Depreciation,A,Asset,N,Y,1000,1,1 Assets,18 Accumulated Depreciation,,Y,Accumulated Depreciation,
1076,18120,Building Accumulated Depreciation,A,Asset,N,N,1075,18,1 Assets,18 Accumulated Depreciation,,Y,,
1077,18130,Land Improvement Accumulated Depreciation,A,Asset,N,N,1075,18,1 Assets,18 Accumulated Depreciation,,Y,,
1078,18140,Building Improvement Accumulated Depreciation,A,Asset,N,N,1075,18,1 Assets,18 Accumulated Depreciation,,Y,,
1079,18150,Leasehold Improvement Accumulated Depreciation,A,Asset,N,N,1075,18,1 Assets,18 Accumulated Depreciation,,Y,,
1080,18210,Furniture Accumulated Depreciation,A,Asset,N,N,1075,18,1 Assets,18 Accumulated Depreciation,,Y,,
1081,18220,Fixtures Accumulated Depreciation,A,Asset,N,N,1075,18,1 Assets,18 Accumulated Depreciation,,Y,,
1082,18230,Equipment Accumulated Depreciation,A,Asset,N,N,1075,18,1 Assets,18 Accumulated Depreciation,,Y,,
1083,18240,Vehicles Accumulated Depreciation,A,Asset,N,N,1075,18,1 Assets,18 Accumulated Depreciation,,Y,,
1084,18250,Data Processing Equipment Accumulated Depreciation,A,Asset,N,N,1075,18,1 Assets,18 Accumulated Depreciation,,Y,,
1085,18260,Software Accumulated Depreciation,A,Asset,N,N,1075,18,1 Assets,18 Accumulated Depreciation,,Y,,
1086,19,Other Assets,A,Asset,N,Y,1000,1,1 Assets,19 Other Assets,,Y,Other Assets,
1087,191,Intangible Assets,A,Asset,N,Y,1086,19,1 Assets,19 Other Assets,191 Intangible Assets,Y,,
1088,19110,Amortizable Assets,A,Asset,N,N,1087,191,1 Assets,19 Other Assets,191 Intangible Assets,Y,,
1089,19120,Goodwill,A,Asset,N,N,1087,191,1 Assets,19 Other Assets,191 Intangible Assets,Y,,
1090,19130,Customer Lists,A,Asset,N,N,1087,191,1 Assets,19 Other Assets,191 Intangible Assets,Y,,
1091,19140,Other Intangible Assets,A,Asset,N,N,1087,191,1 Assets,19 Other Assets,191 Intangible Assets,Y,,
1092,19150,Accumulated Amortization,A,Asset,N,N,1087,191,1 Assets,19 Other Assets,191 Intangible Assets,Y,,
1093,19200,Cash Surrender Value of Life Insurance,A,Asset,N,N,1086,19,1 Assets,19 Other Assets,,Y,,
1094,19900,Other Assets,A,Asset,N,N,1086,19,1 Assets,19 Other Assets,,Y,,
1096,2,Liabilities,L,Liability,N,Y,,,2 Liabilities,,,Y,Liabilities,
1097,21,Accounts Payables,L,Liability,N,Y,1096,2,2 Liabilities,21 Accounts Payables,,Y,Accounts Payable,
1098,211,Accounts Payables Trade,L,Liability,N,Y,1097,21,2 Liabilities,21 Accounts Payables,211 Accounts Payables Trade,Y,,
1099,21100,Accounts Payable Trade,L,Liability,N,N,1098,211,2 Liabilities,21 Accounts Payables,211 Accounts Payables Trade,Y,,
1100,21190,Not invoiced receipts,L,Liability,N,N,1098,211,2 Liabilities,21 Accounts Payables,211 Accounts Payables Trade,Y,,
1101,21200,Accounts Payable Services,L,Liability,N,N,1097,21,2 Liabilities,21 Accounts Payables,,Y,,
1102,21300,Payment selection,L,Liability,N,N,1097,21,2 Liabilities,21 Accounts Payables,,Y,,
1103,215,Customer Payables,L,Liability,N,Y,1097,21,2 Liabilities,21 Accounts Payables,215 Customer Payables,Y,,
1104,21510,Customer Prepayments,L,Liability,N,N,1103,215,2 Liabilities,21 Accounts Payables,215 Customer Payables,Y,,
1105,21520,Merchandise Credits Unredeemed,L,Liability,N,N,1103,215,2 Liabilities,21 Accounts Payables,215 Customer Payables,Y,,
1106,21530,Gift Certificated Unredeemed,L,Liability,N,N,1103,215,2 Liabilities,21 Accounts Payables,215 Customer Payables,Y,,
1107,21540,Special Order Deposits,L,Liability,N,N,1103,215,2 Liabilities,21 Accounts Payables,215 Customer Payables,Y,,
1108,21550,Mail Order Deposits,L,Liability,N,N,1103,215,2 Liabilities,21 Accounts Payables,215 Customer Payables,Y,,
1109,216,Tax Payables,L,Liability,N,Y,1097,21,2 Liabilities,21 Accounts Payables,216 Tax Payables,Y,,
1110,21610,Tax due,L,Liability,N,N,1109,216,2 Liabilities,21 Accounts Payables,216 Tax Payables,Y,,
1111,21620,Tax liability,L,Liability,N,N,1109,216,2 Liabilities,21 Accounts Payables,216 Tax Payables,Y,,
1112,21700,Withholding (Tax),L,Liability,N,N,1097,21,2 Liabilities,21 Accounts Payables,,Y,,
1113,21710,Withholding (Other),L,Liability,N,N,1097,21,2 Liabilities,21 Accounts Payables,,Y,,
1114,21800,Intercompany Due To,L,Liability,N,N,1097,21,2 Liabilities,21 Accounts Payables,,Y,,
1115,22,Accrued Expenses,L,Liability,N,Y,1096,2,2 Liabilities,22 Accrued Expenses,,Y,Accrued Expenses,
1116,22100,Accrued Payroll,L,Liability,N,N,1115,22,2 Liabilities,22 Accrued Expenses,,Y,,
1117,22200,Payroll Withholdings,L,Liability,N,N,1115,22,2 Liabilities,22 Accrued Expenses,,Y,,
1118,22210,Federal Tax Withholding,L,Liability,N,N,1115,22,2 Liabilities,22 Accrued Expenses,,Y,,
1119,22220,FICA Withholding,L,Liability,N,N,1115,22,2 Liabilities,22 Accrued Expenses,,Y,,
1120,22230,Medicare Withholding,L,Liability,N,N,1115,22,2 Liabilities,22 Accrued Expenses,,Y,,
1121,22240,State Tax Withholding,L,Liability,N,N,1115,22,2 Liabilities,22 Accrued Expenses,,Y,,
1122,22250,Local Tax Withholding,L,Liability,N,N,1115,22,2 Liabilities,22 Accrued Expenses,,Y,,
1123,22260,401k & Pension Withholding,L,Liability,N,N,1115,22,2 Liabilities,22 Accrued Expenses,,Y,,
1124,22270,Garnishment Withholding,L,Liability,N,N,1115,22,2 Liabilities,22 Accrued Expenses,,Y,,
1125,22290,Miscellaneous Withholding,L,Liability,N,N,1115,22,2 Liabilities,22 Accrued Expenses,,Y,,
1126,22300,Accrued Payroll Taxes,L,Liability,N,N,1115,22,2 Liabilities,22 Accrued Expenses,,Y,,
1127,22310,FICA Employers Contribution,L,Liability,N,N,1115,22,2 Liabilities,22 Accrued Expenses,,Y,,
1128,22320,Medicare Employers Contribution,L,Liability,N,N,1115,22,2 Liabilities,22 Accrued Expenses,,Y,,
1129,22330,Federal Unemployment Employers Contribution,L,Liability,N,N,1115,22,2 Liabilities,22 Accrued Expenses,,Y,,
1130,22340,State Unemployment Employers Contribution,L,Liability,N,N,1115,22,2 Liabilities,22 Accrued Expenses,,Y,,
1131,22400,Sales Tax Collected,L,Liability,N,N,1115,22,2 Liabilities,22 Accrued Expenses,,Y,,
1132,22500,Accrued Use Tax,L,Liability,N,N,1115,22,2 Liabilities,22 Accrued Expenses,,Y,,
1133,22600,Accrued Retirement Plan Expense,L,Liability,N,N,1115,22,2 Liabilities,22 Accrued Expenses,,Y,,
1134,22900,Accrued Expenses Others,L,Liability,N,N,1115,22,2 Liabilities,22 Accrued Expenses,,Y,,
1135,23,Current Note Payables,L,Liability,N,Y,1096,2,2 Liabilities,23 Current Note Payables,,Y,Current Note Payables,
1136,23100,Short Term Obligation,L,Liability,N,N,1135,23,2 Liabilities,23 Current Note Payables,,Y,,
1137,23900,Current Portion of Long Term Debt,L,Liability,N,N,1135,23,2 Liabilities,23 Current Note Payables,,Y,,
1138,24,Long Term Liabilities,L,Liability,N,Y,1096,2,2 Liabilities,24 Long Term Liabilities,,Y,Long Term Liabilities,
1139,24100,Long Term Obligation,L,Liability,N,N,1138,24,2 Liabilities,24 Long Term Liabilities,,Y,,
1140,24200,Mortgage,L,Liability,N,N,1138,24,2 Liabilities,24 Long Term Liabilities,,Y,,
1141,24300,Loan from Owner/Stockholder,L,Liability,N,N,1138,24,2 Liabilities,24 Long Term Liabilities,,Y,,
1142,24800,Other Long Term Obligation,L,Liability,N,N,1138,24,2 Liabilities,24 Long Term Liabilities,,Y,,
1143,24900,Current Portion of Long Term Debt,L,Liability,N,N,1138,24,2 Liabilities,24 Long Term Liabilities,,Y,,
1144,3,Owner's Equity/Net Worth,O,Owner's Equity,N,Y,,,3 Owner's Equity/Net Worth,,,Y,Owner's Equity/Net Worth,
1145,31,Capital,O,Owner's Equity,N,Y,1144,3,3 Owner's Equity/Net Worth,31 Capital,,Y,Capital,
1146,31000,Capital/Common Stock,O,Owner's Equity,N,N,1145,31,3 Owner's Equity/Net Worth,31 Capital,,Y,,
1147,31010,Capital in excess of Par on Common Stock,O,Owner's Equity,N,N,1145,31,3 Owner's Equity/Net Worth,31 Capital,,Y,,
1148,31100,Preferred Stock,O,Owner's Equity,N,N,1145,31,3 Owner's Equity/Net Worth,31 Capital,,Y,,
1149,31110,Capital in excess of Par on Preferred Stock,O,Owner's Equity,N,N,1145,31,3 Owner's Equity/Net Worth,31 Capital,,Y,,
1150,32,Earnings,O,Owner's Equity,N,Y,1144,3,3 Owner's Equity/Net Worth,32 Earnings,,Y,Current Profit & Loss,
1151,32100,Dividends,O,Owner's Equity,N,N,1150,32,3 Owner's Equity/Net Worth,32 Earnings,,Y,,
1152,32200,Drawings,O,Owner's Equity,N,N,1150,32,3 Owner's Equity/Net Worth,32 Earnings,,Y,,
1153,32900,Retained Earnings,O,Owner's Equity,N,N,1150,32,3 Owner's Equity/Net Worth,32 Earnings,,Y,,
1155,4,Sales,R,Revenue,N,Y,,,4 Sales,,,N,,Sales
1156,41000,Trade Revenue,R,Revenue,N,N,1155,4,4 Sales,,,N,,
1157,42000,Services Revenue,R,Revenue,N,N,1155,4,4 Sales,,,N,,
1158,43000,Sideline Revenue,R,Revenue,N,N,1155,4,4 Sales,,,N,,
1159,46000,Royalties Revenue,R,Revenue,N,N,1155,4,4 Sales,,,N,,
1160,47000,Unearned revenue,R,Revenue,N,N,1155,4,4 Sales,,,N,,
1161,48000,Not invoiced revenue,R,Revenue,N,N,1155,4,4 Sales,,,N,,
1162,49,Sales Discounts,R,Revenue,N,Y,1155,4,4 Sales,49 Sales Discounts,,N,,Sales Discounts
1163,49100,Trade Discounts,R,Revenue,N,N,1162,49,4 Sales,49 Sales Discounts,,N,,
1164,49200,Payment discount expense,R,Revenue,N,N,1162,49,4 Sales,49 Sales Discounts,,N,,
1165,49300,Promotion Discounts,R,Revenue,N,N,1162,49,4 Sales,49 Sales Discounts,,N,,
1166,5,Cost of Goods Sold,E,Expense,N,Y,,,5 Cost of Goods Sold,,,N,,Cost of Goods Sold
1167,51100,Product CoGs,E,Expense,N,N,1166,5,5 Cost of Goods Sold,,,N,,
1168,51110,Cost Of Production,E,Expense,N,N,1166,5,5 Cost of Goods Sold,,,N,,
1169,51120,Scrap,E,Expense,N,N,1166,5,5 Cost of Goods Sold,,,N,,
1170,51130,Outside Processing (Subcontract),E,Expense,N,N,1166,5,5 Cost of Goods Sold,,,N,,
1171,51200,Product Expense,E,Expense,N,N,1166,5,5 Cost of Goods Sold,,,N,,
1172,51210,Product Cost Adjustment,E,Expense,N,N,1166,5,5 Cost of Goods Sold,,,N,,
1173,51280,Landed Cost Clearing,E,Expense,N,N,1166,5,5 Cost of Goods Sold,,,N,,
1174,51290,Product Inventory Clearing,E,Expense,N,N,1166,5,5 Cost of Goods Sold,,,N,,
1175,52000,Services Purchases,E,Expense,N,N,1166,5,5 Cost of Goods Sold,,,N,,
1176,53000,Sideline Purchases,E,Expense,N,N,1166,5,5 Cost of Goods Sold,,,N,,
1177,54000,Freight in,E,Expense,N,N,1166,5,5 Cost of Goods Sold,,,N,,
1178,55,Returns,E,Expense,N,Y,1166,5,5 Cost of Goods Sold,55 Returns,,N,,Returns
1179,55100,Returns Expense,E,Expense,N,N,1178,55,5 Cost of Goods Sold,55 Returns,,N,,
1180,55200,Returns to Vendors,E,Expense,N,N,1178,55,5 Cost of Goods Sold,55 Returns,,N,,
1181,56,Inventory CoGs,E,Expense,N,Y,1166,5,5 Cost of Goods Sold,56 Inventory CoGs,,N,,Inventory CoGs
1182,56100,Inventory Shrinkage,E,Expense,N,N,1181,56,5 Cost of Goods Sold,56 Inventory CoGs,,N,,
1183,56200,Inventory Write Down Below Cost,E,Expense,N,N,1181,56,5 Cost of Goods Sold,56 Inventory CoGs,,N,,
1184,56300,Inventory Adjustment,E,Expense,N,N,1181,56,5 Cost of Goods Sold,56 Inventory CoGs,,N,,
1185,56400,Inventory Revaluation,E,Expense,N,N,1181,56,5 Cost of Goods Sold,56 Inventory CoGs,,N,,
1186,57000,Direct Labor,E,Expense,N,N,1166,5,5 Cost of Goods Sold,,,N,,
1187,58,CoGS Variances,E,Expense,N,Y,1166,5,5 Cost of Goods Sold,58 CoGS Variances,,N,,CoGs Variances
1188,58100,Invoice price variance,E,Expense,N,N,1187,58,5 Cost of Goods Sold,58 CoGS Variances,,N,,
1189,58200,Purchase price variance,E,Expense,N,N,1187,58,5 Cost of Goods Sold,58 CoGS Variances,,N,,
1190,58300,Purchase price variance Offset,E,Expense,N,N,1187,58,5 Cost of Goods Sold,58 CoGS Variances,,N,,
1191,58400,Using Variance,E,Expense,N,N,1187,58,5 Cost of Goods Sold,58 CoGS Variances,,N,,
1192,58500,Method Change Variance,E,Expense,N,N,1187,58,5 Cost of Goods Sold,58 CoGS Variances,,N,,
1193,58600,Rate Variance,E,Expense,N,N,1187,58,5 Cost of Goods Sold,58 CoGS Variances,,N,,
1194,58700,Mix Variance,E,Expense,N,N,1187,58,5 Cost of Goods Sold,58 CoGS Variances,,N,,
1195,58800,Average Cost Variance,E,Expense,N,N,1187,58,5 Cost of Goods Sold,58 CoGS Variances,,N,,
1196,59,CoGs Discounts,E,Expense,N,Y,1166,5,5 Cost of Goods Sold,59 CoGs Discounts,,N,,CoGS Discounts
1197,59100,Trade discounts received,E,Expense,N,N,1196,59,5 Cost of Goods Sold,59 CoGs Discounts,,N,,
1198,59200,Payment discount revenue,E,Expense,N,N,1196,59,5 Cost of Goods Sold,59 CoGs Discounts,,N,,
1200,6,Expenses,E,Expense,N,Y,,,6 Expenses,,,N,,
1201,60,Payroll Expenses,E,Expense,N,Y,1200,6,6 Expenses,60 Payroll Expenses,,N,,Payroll Expense
1202,60110,Wages,E,Expense,N,N,1201,60,6 Expenses,60 Payroll Expenses,,N,,
1203,60120,Wages Owners,E,Expense,N,N,1201,60,6 Expenses,60 Payroll Expenses,,N,,
1204,60130,Salaries,E,Expense,N,N,1201,60,6 Expenses,60 Payroll Expenses,,N,,
1205,60210,Vacation Pay,E,Expense,N,N,1201,60,6 Expenses,60 Payroll Expenses,,N,,
1206,60220,Vacation Pay Owners,E,Expense,N,N,1201,60,6 Expenses,60 Payroll Expenses,,N,,
1207,60230,Sick Pay,E,Expense,N,N,1201,60,6 Expenses,60 Payroll Expenses,,N,,
1208,60240,Sick Pay Owners,E,Expense,N,N,1201,60,6 Expenses,60 Payroll Expenses,,N,,
1209,60300,"Retirement (Pension, Profit Sharing, 401k)",E,Expense,N,N,1201,60,6 Expenses,60 Payroll Expenses,,N,,
1210,60410,FICA Tax,E,Expense,N,N,1201,60,6 Expenses,60 Payroll Expenses,,N,,
1211,60420,FICA Tax Owners,E,Expense,N,N,1201,60,6 Expenses,60 Payroll Expenses,,N,,
1212,60430,Federal/State Unemployment,E,Expense,N,N,1201,60,6 Expenses,60 Payroll Expenses,,N,,
1213,60440,Federal/State Unemployment Owners,E,Expense,N,N,1201,60,6 Expenses,60 Payroll Expenses,,N,,
1214,60510,Health Insurance Premium,E,Expense,N,N,1201,60,6 Expenses,60 Payroll Expenses,,N,,
1215,60520,Health Insurance Premium Owners,E,Expense,N,N,1201,60,6 Expenses,60 Payroll Expenses,,N,,
1216,60580,Health Insurance Employee Contribution,E,Expense,N,N,1201,60,6 Expenses,60 Payroll Expenses,,N,,
1217,60590,Health Insurance Cobra Payments,E,Expense,N,N,1201,60,6 Expenses,60 Payroll Expenses,,N,,
1218,60600,Workers Compensation Insurance,E,Expense,N,N,1201,60,6 Expenses,60 Payroll Expenses,,N,,
1219,60710,Disability Insurance Premium,E,Expense,N,N,1201,60,6 Expenses,60 Payroll Expenses,,N,,
1220,60720,Disability Insurance Premium Owners,E,Expense,N,N,1201,60,6 Expenses,60 Payroll Expenses,,N,,
1221,60790,Disability Insurance Employee Contribution,E,Expense,N,N,1201,60,6 Expenses,60 Payroll Expenses,,N,,
1222,60810,Life Insurance Premium,E,Expense,N,N,1201,60,6 Expenses,60 Payroll Expenses,,N,,
1223,60820,Life Insurance Premium Owners,E,Expense,N,N,1201,60,6 Expenses,60 Payroll Expenses,,N,,
1224,60890,Life Insurance Employee Contribution,E,Expense,N,N,1201,60,6 Expenses,60 Payroll Expenses,,N,,
1225,60900,Other Benefit Expense,E,Expense,N,N,1201,60,6 Expenses,60 Payroll Expenses,,N,,
1226,60910,Staff Gifts & Perks,E,Expense,N,N,1201,60,6 Expenses,60 Payroll Expenses,,N,,
1227,60920,Staff Picnic (100% Deductible),E,Expense,N,N,1201,60,6 Expenses,60 Payroll Expenses,,N,,
1228,60990,Payroll Processing Expense,E,Expense,N,N,1201,60,6 Expenses,60 Payroll Expenses,,N,,
1229,61,Occupancy Cost,E,Expense,N,Y,1200,6,6 Expenses,61 Occupancy Cost,,N,,Occupancy Cost
1230,61100,Rent Expense,E,Expense,N,N,1229,61,6 Expenses,61 Occupancy Cost,,N,,
1231,61200,Utilities,E,Expense,N,N,1229,61,6 Expenses,61 Occupancy Cost,,N,,
1232,61300,Other Occupancy Costs,E,Expense,N,N,1229,61,6 Expenses,61 Occupancy Cost,,N,,
1233,62,Advertising,E,Expense,N,Y,1200,6,6 Expenses,62 Advertising,,N,,Advertising & Promotion
1234,62100,Media Advertising,E,Expense,N,N,1233,62,6 Expenses,62 Advertising,,N,,
1235,62200,"Catalog, Newsletter",E,Expense,N,N,1233,62,6 Expenses,62 Advertising,,N,,
1236,62300,Events,E,Expense,N,N,1233,62,6 Expenses,62 Advertising,,N,,
1237,62400,Joint Advertising,E,Expense,N,N,1233,62,6 Expenses,62 Advertising,,N,,
1238,62500,Web Hosting,E,Expense,N,N,1233,62,6 Expenses,62 Advertising,,N,,
1239,62800,Other Advertising & Promotion,E,Expense,N,N,1233,62,6 Expenses,62 Advertising,,N,,
1240,62900,Vendor Advertising Allowances,E,Expense,N,N,1233,62,6 Expenses,62 Advertising,,N,,
1241,63,Telephone and Communications,E,Expense,N,Y,1200,6,6 Expenses,63 Telephone and Communications,,N,,Telephone and Communication
1242,63100,Telephone,E,Expense,N,N,1241,63,6 Expenses,63 Telephone and Communications,,N,,
1243,63200,Mobile Telephone,E,Expense,N,N,1241,63,6 Expenses,63 Telephone and Communications,,N,,
1244,63300,Network Charges,E,Expense,N,N,1241,63,6 Expenses,63 Telephone and Communications,,N,,
1245,64,Professional Services,E,Expense,N,Y,1200,6,6 Expenses,64 Professional Services,,N,,Professional Services
1246,64100,Legal Fees,E,Expense,N,N,1245,64,6 Expenses,64 Professional Services,,N,,
1247,64200,Accounting Fees,E,Expense,N,N,1245,64,6 Expenses,64 Professional Services,,N,,
1248,64300,Inventory Verification Fees,E,Expense,N,N,1245,64,6 Expenses,64 Professional Services,,N,,
1249,64500,Other Consulting Fees,E,Expense,N,N,1245,64,6 Expenses,64 Professional Services,,N,,
1250,65,Stationary & Supplies,E,Expense,N,Y,1200,6,6 Expenses,65 Stationary & Supplies,,N,,Stationary & Supplies
1251,65100,Stationary & Supplies - Office Use,E,Expense,N,N,1250,65,6 Expenses,65 Stationary & Supplies,,N,,
1252,65500,Janitorial Supplies,E,Expense,N,N,1250,65,6 Expenses,65 Stationary & Supplies,,N,,
1253,66,Data Processing,E,Expense,N,Y,1200,6,6 Expenses,66 Data Processing,,N,,Data Processing Expense
1254,66100,Data Processing Supplies,E,Expense,N,N,1253,66,6 Expenses,66 Data Processing,,N,,
1255,66200,Data Processing Rental,E,Expense,N,N,1253,66,6 Expenses,66 Data Processing,,N,,
1256,66300,Outside Computer Services,E,Expense,N,N,1253,66,6 Expenses,66 Data Processing,,N,,
1257,66900,Data Processing Other Expense,E,Expense,N,N,1253,66,6 Expenses,66 Data Processing,,N,,
1258,67,Depreciation Expense,E,Expense,N,Y,1200,6,6 Expenses,67 Depreciation Expense,,N,,Depreciation Expense
1259,67120,Building Depreciation,E,Expense,N,N,1258,67,6 Expenses,67 Depreciation Expense,,N,,
1260,67130,Land Improvement Depreciation,E,Expense,N,N,1258,67,6 Expenses,67 Depreciation Expense,,N,,
1261,67140,Building Improvement Depreciation,E,Expense,N,N,1258,67,6 Expenses,67 Depreciation Expense,,N,,
1262,67150,Leasehold Improvement Depreciation,E,Expense,N,N,1258,67,6 Expenses,67 Depreciation Expense,,N,,
1263,67210,Furniture Depreciation,E,Expense,N,N,1258,67,6 Expenses,67 Depreciation Expense,,N,,
1264,67220,Fixtures Depreciation,E,Expense,N,N,1258,67,6 Expenses,67 Depreciation Expense,,N,,
1265,67230,Equipment Depreciation,E,Expense,N,N,1258,67,6 Expenses,67 Depreciation Expense,,N,,
1266,67240,Vehicles Depreciation,E,Expense,N,N,1258,67,6 Expenses,67 Depreciation Expense,,N,,
1267,67250,Data Processing Equipment Depreciation,E,Expense,N,N,1258,67,6 Expenses,67 Depreciation Expense,,N,,
1268,67260,Software Depreciation,E,Expense,N,N,1258,67,6 Expenses,67 Depreciation Expense,,N,,
1269,68,Business Travel,E,Expense,N,Y,1200,6,6 Expenses,68 Business Travel,,N,,Travel & Entertainment
1270,68100,Business Travel - Plane/Train/Taxi,E,Expense,N,N,1269,68,6 Expenses,68 Business Travel,,N,,
1271,68200,Business Travel - Auto Reimbursement,E,Expense,N,N,1269,68,6 Expenses,68 Business Travel,,N,,
1272,68300,Business Travel - Hotel,E,Expense,N,N,1269,68,6 Expenses,68 Business Travel,,N,,
1273,68400,Business Meals & Entertainment (50%),E,Expense,N,N,1269,68,6 Expenses,68 Business Travel,,N,,
1274,68500,Staff Meeting Food (100%),E,Expense,N,N,1269,68,6 Expenses,68 Business Travel,,N,,
1275,68600,Employee expense,E,Expense,N,N,1269,68,6 Expenses,68 Business Travel,,N,,
1276,68900,Business Travel Other Expense,E,Expense,N,N,1269,68,6 Expenses,68 Business Travel,,N,,
1277,69,Insurance,E,Expense,N,Y,1200,6,6 Expenses,69 Insurance,,N,,Insurance
1278,69100,Business Insurance,E,Expense,N,N,1277,69,6 Expenses,69 Insurance,,N,,
1279,69200,Real Estate Insurance,E,Expense,N,N,1277,69,6 Expenses,69 Insurance,,N,,
1280,69300,Vehicle Insurance,E,Expense,N,N,1277,69,6 Expenses,69 Insurance,,N,,
1281,69400,Other Insurance,E,Expense,N,N,1277,69,6 Expenses,69 Insurance,,N,,
1282,70,Payment Processor Costs,E,Expense,N,Y,1200,6,6 Expenses,70 Payment Processor Costs,,N,,Payment Processor Costs
1283,70100,Credit Card Service Charges,E,Expense,N,N,1282,70,6 Expenses,70 Payment Processor Costs,,N,,
1284,70200,Bank Service Charges,E,Expense,N,N,1282,70,6 Expenses,70 Payment Processor Costs,,N,,
1285,70900,Other Payment Service Charges,E,Expense,N,N,1282,70,6 Expenses,70 Payment Processor Costs,,N,,
1286,71,Dues & Subscription,E,Expense,N,Y,1200,6,6 Expenses,71 Dues & Subscription,,N,,Dues & Subscriptions
1287,71100,Association Membership Fees,E,Expense,N,N,1286,71,6 Expenses,71 Dues & Subscription,,N,,
1288,71200,Subscription Fees,E,Expense,N,N,1286,71,6 Expenses,71 Dues & Subscription,,N,,
1289,72,Office Expense,E,Expense,N,Y,1200,6,6 Expenses,72 Office Expense,,N,,Office Expense
1290,72100,Office Expense,E,Expense,N,N,1289,72,6 Expenses,72 Office Expense,,N,,
1291,73,Posting & Shipping,E,Expense,N,Y,1200,6,6 Expenses,73 Posting & Shipping,,N,,Postage & Shipping
1292,73100,Postage Expense,E,Expense,N,N,1291,73,6 Expenses,73 Posting & Shipping,,N,,
1293,73200,Customer Package Expense,E,Expense,N,N,1291,73,6 Expenses,73 Posting & Shipping,,N,,
1294,73290,Customer Postage Fees Received,E,Expense,N,N,1291,73,6 Expenses,73 Posting & Shipping,,N,,
1295,73300,Shipping Expenses,E,Expense,N,N,1291,73,6 Expenses,73 Posting & Shipping,,N,,
1296,74,Taxes and Licenses,E,Expense,N,Y,1200,6,6 Expenses,74 Taxes and Licenses,,N,,Taxes and Licenses
1297,74100,Tax expense,E,Expense,N,N,1296,74,6 Expenses,74 Taxes and Licenses,,N,,
1298,74200,Inventory & Use Taxes,E,Expense,N,N,1296,74,6 Expenses,74 Taxes and Licenses,,N,,
1299,74300,Real Estate Taxes,E,Expense,N,N,1296,74,6 Expenses,74 Taxes and Licenses,,N,,
1300,74400,Business Licenses & Fees,E,Expense,N,N,1296,74,6 Expenses,74 Taxes and Licenses,,N,,
1301,74900,Licenses & Fees - Other,E,Expense,N,N,1296,74,6 Expenses,74 Taxes and Licenses,,N,,
1302,75,Education,E,Expense,N,Y,1200,6,6 Expenses,75 Education,,N,,Education
1303,75100,Education Course Fees,E,Expense,N,N,1302,75,6 Expenses,75 Education,,N,,
1304,75200,Education Travel,E,Expense,N,N,1302,75,6 Expenses,75 Education,,N,,
1305,75300,Education Meals & Entertainment (50%),E,Expense,N,N,1302,75,6 Expenses,75 Education,,N,,
1306,75900,Education Other,E,Expense,N,N,1302,75,6 Expenses,75 Education,,N,,
1307,76,Equipment Rent,E,Expense,N,Y,1200,6,6 Expenses,76 Equipment Rent,,N,,Equipment Rent
1308,76100,Office Equipment Rent,E,Expense,N,N,1307,76,6 Expenses,76 Equipment Rent,,N,,
1309,76200,Store Equipment Rent,E,Expense,N,N,1307,76,6 Expenses,76 Equipment Rent,,N,,
1310,76900,Equipment Rent Other,E,Expense,N,N,1307,76,6 Expenses,76 Equipment Rent,,N,,
1311,77,Repairs & Maintenance,E,Expense,N,Y,1200,6,6 Expenses,77 Repairs & Maintenance,,N,,Repairs & Maintenance
1312,77100,Building Repairs & Maintenance,E,Expense,N,N,1311,77,6 Expenses,77 Repairs & Maintenance,,N,,
1313,77200,"Furniture, Equipment Repairs & Maintenance",E,Expense,N,N,1311,77,6 Expenses,77 Repairs & Maintenance,,N,,
1314,77300,Data Processing Repairs & Maintenance,E,Expense,N,N,1311,77,6 Expenses,77 Repairs & Maintenance,,N,,
1315,77400,Software Maintenance,E,Expense,N,N,1311,77,6 Expenses,77 Repairs & Maintenance,,N,,
1316,77500,Vehicle Repairs & Maintenance,E,Expense,N,N,1311,77,6 Expenses,77 Repairs & Maintenance,,N,,
1317,77900,Repairs & Maintenance Other,E,Expense,N,N,1311,77,6 Expenses,77 Repairs & Maintenance,,N,,
1318,78,Other Operating Expenses,E,Expense,N,Y,1200,6,6 Expenses,78 Other Operating Expenses,,N,,Other Operating Expenses
1319,78100,Bad Debts Write-off,E,Expense,N,N,1318,78,6 Expenses,78 Other Operating Expenses,,N,,
1320,78200,Collection Expense,E,Expense,N,N,1318,78,6 Expenses,78 Other Operating Expenses,,N,,
1321,78300,Petty Cash Over/Short,E,Expense,N,N,1318,78,6 Expenses,78 Other Operating Expenses,,N,,
1322,78400,Recruitment Costs,E,Expense,N,N,1318,78,6 Expenses,78 Other Operating Expenses,,N,,
1323,78500,Vehicle Expense,E,Expense,N,N,1318,78,6 Expenses,78 Other Operating Expenses,,N,,
1324,78600,Amortization Expense,E,Expense,N,N,1318,78,6 Expenses,78 Other Operating Expenses,,N,,
1325,78700,Penalties,E,Expense,N,N,1318,78,6 Expenses,78 Other Operating Expenses,,N,,
1326,78800,Franchise Fee / Royalty Fees,E,Expense,N,N,1318,78,6 Expenses,78 Other Operating Expenses,,N,,
1327,78900,Miscellaneous Expense,E,Expense,N,N,1318,78,6 Expenses,78 Other Operating Expenses,,N,,
1328,79,Default/Suspense Accounts,E,Expense,N,Y,1200,6,6 Expenses,79 Default/Suspense Accounts,,N,,Default/Suspense Accounts
1329,79100,Default account,E,Expense,N,N,1328,79,6 Expenses,79 Default/Suspense Accounts,,N,,
1330,79200,Suspense balancing,E,Expense,N,N,1328,79,6 Expenses,79 Default/Suspense Accounts,,N,,
1331,79300,Suspense error,E,Expense,N,N,1328,79,6 Expenses,79 Default/Suspense Accounts,,N,,
1332,79400,Cash book expense,E,Expense,N,N,1328,79,6 Expenses,79 Default/Suspense Accounts,,N,,
1333,79500,Cash book receipts,R,Revenue,N,N,1328,79,6 Expenses,79 Default/Suspense Accounts,,N,,
1334,79600,Charge expense,E,Expense,N,N,1328,79,6 Expenses,79 Default/Suspense Accounts,,N,,
1335,79700,Charge revenue,R,Revenue,N,N,1328,79,6 Expenses,79 Default/Suspense Accounts,,N,,
1338,80,Other Income,R,Revenue,N,Y,,,80 Other Income,,,N,,Other Income
1339,80100,Interest Income,R,Revenue,N,N,1338,80,80 Other Income,,,N,,
1340,80200,Dividend Income,R,Revenue,N,N,1338,80,80 Other Income,,,N,,
1341,80300,Rental Income,R,Revenue,N,N,1338,80,80 Other Income,,,N,,
1342,80400,Sales Tax Commission,R,Revenue,N,N,1338,80,80 Other Income,,,N,,
1343,805,Currency Gain,R,Revenue,N,Y,1338,80,80 Other Income,805 Currency Gain,,N,,Currency Gain
1344,80510,Bank revaluation gain,R,Revenue,N,N,1343,805,80 Other Income,805 Currency Gain,,N,,
1345,80520,Bank settlement gain,R,Revenue,N,N,1343,805,80 Other Income,805 Currency Gain,,N,,
1346,80530,Unrealized gain,R,Revenue,N,N,1343,805,80 Other Income,805 Currency Gain,,N,,
1347,80540,Realized gain,R,Revenue,N,N,1343,805,80 Other Income,805 Currency Gain,,N,,
1348,80700,Capital Gains Income,R,Revenue,N,N,1338,80,80 Other Income,,,N,,
1349,80800,Fixed Asset Sale Gain,R,Revenue,N,N,1338,80,80 Other Income,,,N,,
1350,80900,Other Income,R,Revenue,N,N,1338,80,80 Other Income,,,N,,
1351,82,Other Expense,E,Expense,N,Y,,,82 Other Expense,,,N,,Other Expense
1352,82100,Interest Expense,E,Expense,N,N,1351,82,82 Other Expense,,,N,,
1353,82200,Mortgage Interest Expense,E,Expense,N,N,1351,82,82 Other Expense,,,N,,
1354,82300,Uninsured Casualty Loss,E,Expense,N,N,1351,82,82 Other Expense,,,N,,
1355,82400,Charitable Contributions,E,Expense,N,N,1351,82,82 Other Expense,,,N,,
1356,825,Currency Loss,E,Expense,N,Y,1351,82,82 Other Expense,825 Currency Loss,,N,,Currency Loss
1357,82510,Bank revaluation loss,E,Expense,N,N,1356,825,82 Other Expense,825 Currency Loss,,N,,
1358,82520,Bank settlement loss,E,Expense,N,N,1356,825,82 Other Expense,825 Currency Loss,,N,,
1359,82530,Unrealized loss,E,Expense,N,N,1356,825,82 Other Expense,825 Currency Loss,,N,,
1360,82540,Realized loss,E,Expense,N,N,1356,825,82 Other Expense,825 Currency Loss,,N,,
1361,82550,Currency balancing,E,Expense,N,N,1356,825,82 Other Expense,825 Currency Loss,,N,,
1362,82700,Capital Gains Loss,E,Expense,N,N,1351,82,82 Other Expense,,,N,,
1363,82800,Fixes Asset Sale Loss,E,Expense,N,N,1351,82,82 Other Expense,,,N,,
1364,82900,Other Expense,E,Expense,N,N,1351,82,82 Other Expense,,,N,,
1365,83,Expense (Absorbed),E,Expense,N,Y,,,83 Expense (Absorbed),,,N,,Expense (Absorbed)
1366,83100,Labor (Absorbed),E,Expense,N,N,1365,83,83 Expense (Absorbed),,,N,,
1367,83200,Burden (Absorbed),E,Expense,N,N,1365,83,83 Expense (Absorbed),,,N,,
1368,83300,Overhead (Applied),E,Expense,N,N,1365,83,83 Expense (Absorbed),,,N,,
1370,89,Income Tax & Summary,E,Expense,N,Y,,,89 Income Tax & Summary,,,N,,Income Tax & Summary
1371,89100,Federal Income Tax,E,Expense,N,N,1370,89,89 Income Tax & Summary,,,N,,
1372,89200,State Income Tax,E,Expense,N,N,1370,89,89 Income Tax & Summary,,,N,,
1373,89300,Local Income Tax,E,Expense,N,N,1370,89,89 Income Tax & Summary,,,N,,
1374,89900,Income Summary,E,Expense,N,N,1370,89,89 Income Tax & Summary,,,N,,Net Income
1375,91,Costing,M,Memo,N,Y,,,91 Costing,,,N,,
1376,911,Profit Center Costing Distribution,M,Memo,N,N,1375,91,91 Costing,,,N,,
1377,912,Project Costing Distribution,M,Memo,N,N,1375,91,91 Costing,,,N,,
1378,913,Overhead (Applied),M,Memo,N,N,1375,91,91 Costing,,,N,,
1379,95,Commitment Accounting,M,Memo,N,Y,,,95 Commitment Accounting,,,N,,
1380,951,PO Encumbrance,M,Memo,N,N,1379,95,95 Commitment Accounting,,,N,,
1381,952,PO Commitment,M,Memo,N,N,1379,95,95 Commitment Accounting,,,N,,
1382,953,SO Commitment,M,Memo,N,N,1379,95,95 Commitment Accounting,,,N,,
1383,955,SO Future Revenue,M,Memo,N,N,1379,95,95 Commitment Accounting,,,N,,
