c_invoice_id,documentno,ad_org_id,c_bpartner_id,issotrx,dateinvoiced,dateacct,c_paymentterm_id,c_currency_id,totallines,grandtotal,docstatus
100001,100001,12,130,Y,2025-01-13,2025-01-13,106,100,4929.53,5323.89,CO
100002,100002,12,120,Y,2025-01-27,2025-01-27,105,100,8126.93,8777.08,CO
100003,100003,12,133,Y,2025-01-01,2025-01-01,106,100,7272.18,7853.95,CO
100004,100004,12,134,Y,2025-01-03,2025-01-03,108,100,5109.67,5518.44,CO
100005,100005,12,120,Y,2025-01-29,2025-01-29,106,100,1215.05,1312.25,CO
100006,100006,12,131,Y,2025-01-07,2025-01-07,106,100,4450.89,4806.96,CO
100007,100007,12,124,Y,2025-01-17,2025-01-17,106,100,3355.70,3624.16,CO
100008,100008,12,130,Y,2025-01-16,2025-01-16,107,100,4410.19,4763.01,CO
100009,100009,12,130,Y,2025-01-11,2025-01-11,107,100,5338.81,5765.91,CO
100010,100010,12,129,Y,2025-01-28,2025-01-28,107,100,6510.89,7031.76,CO
100011,100011,12,130,Y,2025-01-16,2025-01-16,105,100,7936.99,8571.95,CO
100012,100012,12,124,Y,2025-01-02,2025-01-02,106,100,4500.64,4860.69,CO
100013,100013,12,132,Y,2025-01-02,2025-01-02,107,100,2041.16,2204.45,CO
100014,100014,12,120,Y,2025-01-31,2025-01-31,106,100,7470.42,8068.05,CO
100015,100015,12,126,Y,2025-01-13,2025-01-13,108,100,2773.05,2994.89,CO
100016,100016,12,205,N,2025-01-19,2025-01-19,106,100,13342.78,13342.78,CO
100017,100017,12,202,N,2025-01-23,2025-01-23,106,100,13342.78,13342.78,CO
100018,100018,12,200,N,2025-01-25,2025-01-25,106,100,13342.77,13342.77,CO
100019,100019,12,206,N,2025-01-31,2025-01-31,106,100,828.00,828.00,CO
100020,100020,12,207,N,2025-01-31,2025-01-31,106,100,322.00,322.00,CO
100021,100021,50001,130,Y,2025-01-25,2025-01-25,105,100,6235.77,6734.63,CO
100022,100022,50001,129,Y,2025-01-12,2025-01-12,106,100,5984.02,6462.74,CO
100023,100023,50001,125,Y,2025-01-06,2025-01-06,106,100,2224.32,2402.27,CO
100024,100024,50001,123,Y,2025-01-17,2025-01-17,105,100,3752.92,4053.15,CO
100025,100025,50001,126,Y,2025-01-06,2025-01-06,108,100,7961.86,8598.81,CO
100026,100026,50001,130,Y,2025-01-20,2025-01-20,106,100,3400.17,3672.18,CO
100027,100027,50001,126,Y,2025-01-15,2025-01-15,106,100,8187.23,8842.21,CO
100028,100028,50001,120,Y,2025-01-16,2025-01-16,108,100,5759.40,6220.15,CO
100029,100029,50001,134,Y,2025-01-30,2025-01-30,106,100,7529.96,8132.36,CO
100030,100030,50001,128,Y,2025-01-14,2025-01-14,108,100,1891.91,2043.26,CO
100031,100031,50001,134,Y,2025-01-22,2025-01-22,108,100,3085.85,3332.72,CO
100032,100032,50001,120,Y,2025-01-31,2025-01-31,108,100,1812.02,1956.98,CO
100033,100033,50001,128,Y,2025-01-19,2025-01-19,106,100,5603.38,6051.65,CO
100034,100034,50001,122,Y,2025-01-19,2025-01-19,107,100,7359.62,7948.39,CO
100035,100035,50001,123,Y,2025-01-05,2025-01-05,105,100,9008.82,9729.53,CO
100036,100036,50001,123,Y,2025-01-11,2025-01-11,107,100,1138.16,1229.21,CO
100037,100037,50001,202,N,2025-01-04,2025-01-04,106,100,14104.33,14104.33,CO
100038,100038,50001,203,N,2025-01-24,2025-01-24,106,100,14104.33,14104.33,CO
100039,100039,50001,201,N,2025-01-09,2025-01-09,106,100,14104.33,14104.33,CO
100040,100040,50001,206,N,2025-01-31,2025-01-31,106,100,774.00,774.00,CO
100041,100041,50001,207,N,2025-01-31,2025-01-31,106,100,374.50,374.50,CO
100042,100042,50002,130,Y,2025-01-31,2025-01-31,108,100,7394.29,7985.83,CO
100043,100043,50002,122,Y,2025-01-18,2025-01-18,106,100,2914.00,3147.12,CO
100044,100044,50002,123,Y,2025-01-18,2025-01-18,108,100,6286.28,6789.18,CO
100045,100045,50002,131,Y,2025-01-06,2025-01-06,105,100,2398.43,2590.30,CO
100046,100046,50002,124,Y,2025-01-13,2025-01-13,108,100,3853.92,4162.23,CO
100047,100047,50002,133,Y,2025-01-17,2025-01-17,106,100,7872.92,8502.75,CO
100048,100048,50002,126,Y,2025-01-06,2025-01-06,106,100,4083.06,4409.70,CO
100049,100049,50002,121,Y,2025-01-12,2025-01-12,108,100,8757.82,9458.45,CO
100050,100050,50002,129,Y,2025-01-01,2025-01-01,108,100,8555.06,9239.46,CO
100051,100051,50002,131,Y,2025-01-09,2025-01-09,106,100,8296.53,8960.25,CO
100052,100052,50002,129,Y,2025-01-18,2025-01-18,107,100,8402.81,9075.03,CO
100053,100053,50002,132,Y,2025-01-07,2025-01-07,107,100,7667.15,8280.52,CO
100054,100054,50002,122,Y,2025-01-23,2025-01-23,108,100,7097.31,7665.09,CO
100055,100055,50002,127,Y,2025-01-23,2025-01-23,105,100,3278.06,3540.30,CO
100056,100056,50002,128,Y,2025-01-20,2025-01-20,105,100,4281.30,4623.80,CO
100057,100057,50002,126,Y,2025-01-15,2025-01-15,105,100,2188.14,2363.19,CO
100058,100058,50002,129,Y,2025-01-19,2025-01-19,108,100,6727.22,7265.40,CO
100059,100059,50002,200,N,2025-01-19,2025-01-19,106,100,16030.22,16030.22,CO
100060,100060,50002,201,N,2025-01-08,2025-01-08,106,100,16030.22,16030.22,CO
100061,100061,50002,205,N,2025-01-16,2025-01-16,106,100,16030.21,16030.21,CO
100062,100062,50002,206,N,2025-01-31,2025-01-31,106,100,1035.00,1035.00,CO
100063,100063,50002,207,N,2025-01-31,2025-01-31,106,100,409.50,409.50,CO
100064,100064,12,121,Y,2025-02-08,2025-02-08,107,100,5146.46,5558.18,CO
100065,100065,12,133,Y,2025-02-09,2025-02-09,106,100,1913.45,2066.53,CO
100066,100066,12,127,Y,2025-02-22,2025-02-22,105,100,3096.66,3344.39,CO
100067,100067,12,128,Y,2025-02-25,2025-02-25,105,100,8859.72,9568.50,CO
100068,100068,12,127,Y,2025-02-22,2025-02-22,108,100,8346.14,9013.83,CO
100069,100069,12,123,Y,2025-02-19,2025-02-19,107,100,2076.31,2242.41,CO
100070,100070,12,126,Y,2025-02-26,2025-02-26,108,100,2461.88,2658.83,CO
100071,100071,12,132,Y,2025-02-14,2025-02-14,105,100,1980.11,2138.52,CO
100072,100072,12,122,Y,2025-02-10,2025-02-10,106,100,1561.21,1686.11,CO
100073,100073,12,132,Y,2025-02-19,2025-02-19,108,100,8894.57,9606.14,CO
100074,100074,12,126,Y,2025-02-07,2025-02-07,106,100,3242.86,3502.29,CO
100075,100075,12,132,Y,2025-02-21,2025-02-21,107,100,7781.04,8403.52,CO
100076,100076,12,205,N,2025-02-25,2025-02-25,106,100,9614.51,9614.51,CO
100077,100077,12,204,N,2025-02-17,2025-02-17,106,100,9614.51,9614.51,CO
100078,100078,12,203,N,2025-02-09,2025-02-09,106,100,9614.52,9614.52,CO
100079,100079,12,206,N,2025-02-28,2025-02-28,106,100,819.00,819.00,CO
100080,100080,12,207,N,2025-02-28,2025-02-28,106,100,343.00,343.00,CO
100081,100081,50001,130,Y,2025-02-14,2025-02-14,108,100,8865.02,9574.22,CO
100082,100082,50001,130,Y,2025-02-26,2025-02-26,107,100,3624.64,3914.61,CO
100083,100083,50001,129,Y,2025-02-12,2025-02-12,108,100,2758.06,2978.70,CO
100084,100084,50001,126,Y,2025-02-24,2025-02-24,105,100,1891.48,2042.80,CO
100085,100085,50001,131,Y,2025-02-23,2025-02-23,106,100,9086.97,9813.93,CO
100086,100086,50001,129,Y,2025-02-25,2025-02-25,107,100,8374.16,9044.09,CO
100087,100087,50001,127,Y,2025-02-27,2025-02-27,108,100,4682.87,5057.50,CO
100088,100088,50001,133,Y,2025-02-10,2025-02-10,107,100,3546.62,3830.35,CO
100089,100089,50001,125,Y,2025-02-13,2025-02-13,106,100,8118.89,8768.40,CO
100090,100090,50001,134,Y,2025-02-02,2025-02-02,105,100,3951.88,4268.03,CO
100091,100091,50001,124,Y,2025-02-09,2025-02-09,106,100,7353.81,7942.11,CO
100092,100092,50001,133,Y,2025-02-08,2025-02-08,107,100,4721.50,5099.22,CO
100093,100093,50001,125,Y,2025-02-27,2025-02-27,108,100,7392.44,7983.84,CO
100094,100094,50001,204,N,2025-02-06,2025-02-06,106,100,11869.25,11869.25,CO
100095,100095,50001,202,N,2025-02-20,2025-02-20,106,100,11869.25,11869.25,CO
100096,100096,50001,202,N,2025-02-17,2025-02-17,106,100,11869.26,11869.26,CO
100097,100097,50001,206,N,2025-02-28,2025-02-28,106,100,954.00,954.00,CO
100098,100098,50001,207,N,2025-02-28,2025-02-28,106,100,322.00,322.00,CO
100099,100099,50002,123,Y,2025-02-13,2025-02-13,108,100,4825.28,5211.30,CO
100100,100100,50002,132,Y,2025-02-07,2025-02-07,105,100,3758.72,4059.42,CO
100101,100101,50002,133,Y,2025-02-10,2025-02-10,107,100,6203.17,6699.42,CO
100102,100102,50002,120,Y,2025-02-17,2025-02-17,105,100,6435.72,6950.58,CO
100103,100103,50002,134,Y,2025-02-23,2025-02-23,108,100,8123.43,8773.30,CO
100104,100104,50002,133,Y,2025-02-26,2025-02-26,106,100,1620.29,1749.91,CO
100105,100105,50002,133,Y,2025-02-09,2025-02-09,108,100,1948.29,2104.15,CO
100106,100106,50002,126,Y,2025-02-16,2025-02-16,106,100,3642.06,3933.42,CO
100107,100107,50002,127,Y,2025-02-15,2025-02-15,108,100,1705.89,1842.36,CO
100108,100108,50002,134,Y,2025-02-28,2025-02-28,107,100,2433.09,2627.74,CO
100109,100109,50002,128,Y,2025-02-24,2025-02-24,108,100,4217.00,4554.36,CO
100110,100110,50002,126,Y,2025-02-18,2025-02-18,106,100,5059.34,5464.09,CO
100111,100111,50002,120,Y,2025-02-04,2025-02-04,107,100,4379.11,4729.44,CO
100112,100112,50002,127,Y,2025-02-26,2025-02-26,107,100,2458.09,2654.74,CO
100113,100113,50002,129,Y,2025-02-23,2025-02-23,107,100,5576.72,6022.86,CO
100114,100114,50002,131,Y,2025-02-05,2025-02-05,105,100,2752.00,2972.16,CO
100115,100115,50002,200,N,2025-02-25,2025-02-25,106,100,11090.36,11090.36,CO
100116,100116,50002,203,N,2025-02-14,2025-02-14,106,100,11090.36,11090.36,CO
100117,100117,50002,205,N,2025-02-22,2025-02-22,106,100,11090.37,11090.37,CO
100118,100118,50002,206,N,2025-02-28,2025-02-28,106,100,918.00,918.00,CO
100119,100119,50002,207,N,2025-02-28,2025-02-28,106,100,406.00,406.00,CO
100120,100120,12,129,Y,2025-03-22,2025-03-22,108,100,7739.38,8358.53,CO
100121,100121,12,134,Y,2025-03-30,2025-03-30,106,100,7292.78,7876.20,CO
100122,100122,12,128,Y,2025-03-25,2025-03-25,105,100,9501.42,10261.53,CO
100123,100123,12,126,Y,2025-03-26,2025-03-26,106,100,8715.81,9413.07,CO
100124,100124,12,120,Y,2025-03-15,2025-03-15,105,100,1708.25,1844.91,CO
100125,100125,12,132,Y,2025-03-25,2025-03-25,106,100,10099.25,10907.19,CO
100126,100126,12,132,Y,2025-03-07,2025-03-07,108,100,12073.43,13039.30,CO
100127,100127,12,126,Y,2025-03-04,2025-03-04,105,100,12144.48,13116.04,CO
100128,100128,12,130,Y,2025-03-24,2025-03-24,105,100,4626.37,4996.48,CO
100129,100129,12,131,Y,2025-03-04,2025-03-04,108,100,9752.12,10532.29,CO
100130,100130,12,123,Y,2025-03-03,2025-03-03,105,100,7489.69,8088.87,CO
100131,100131,12,130,Y,2025-03-06,2025-03-06,106,100,9689.19,10464.33,CO
100132,100132,12,130,Y,2025-03-26,2025-03-26,106,100,7518.11,8119.56,CO
100133,100133,12,124,Y,2025-03-18,2025-03-18,105,100,10280.94,11103.42,CO
100134,100134,12,200,N,2025-03-14,2025-03-14,106,100,20553.08,20553.08,CO
100135,100135,12,200,N,2025-03-26,2025-03-26,106,100,20553.08,20553.08,CO
100136,100136,12,200,N,2025-03-20,2025-03-20,106,100,20553.08,20553.08,CO
100137,100137,12,206,N,2025-03-31,2025-03-31,106,100,954.00,954.00,CO
100138,100138,12,207,N,2025-03-31,2025-03-31,106,100,332.50,332.50,CO
100139,100139,50001,133,Y,2025-03-29,2025-03-29,106,100,8227.59,8885.80,CO
100140,100140,50001,124,Y,2025-03-30,2025-03-30,108,100,6761.93,7302.88,CO
100141,100141,50001,130,Y,2025-03-22,2025-03-22,107,100,11271.58,12173.31,CO
100142,100142,50001,129,Y,2025-03-29,2025-03-29,108,100,8226.58,8884.71,CO
100143,100143,50001,133,Y,2025-03-29,2025-03-29,108,100,9218.23,9955.69,CO
100144,100144,50001,125,Y,2025-03-30,2025-03-30,106,100,9555.21,10319.63,CO
100145,100145,50001,129,Y,2025-03-21,2025-03-21,107,100,3496.68,3776.41,CO
100146,100146,50001,134,Y,2025-03-26,2025-03-26,107,100,7861.18,8490.07,CO
100147,100147,50001,129,Y,2025-03-20,2025-03-20,106,100,8520.93,9202.60,CO
100148,100148,50001,132,Y,2025-03-09,2025-03-09,106,100,7433.86,8028.57,CO
100149,100149,50001,124,Y,2025-03-04,2025-03-04,107,100,9863.77,10652.87,CO
100150,100150,50001,133,Y,2025-03-03,2025-03-03,106,100,6519.35,7040.90,CO
100151,100151,50001,200,N,2025-03-23,2025-03-23,106,100,17125.81,17125.81,CO
100152,100152,50001,204,N,2025-03-08,2025-03-08,106,100,17125.81,17125.81,CO
100153,100153,50001,205,N,2025-03-12,2025-03-12,106,100,17125.81,17125.81,CO
100154,100154,50001,206,N,2025-03-31,2025-03-31,106,100,891.00,891.00,CO
100155,100155,50001,207,N,2025-03-31,2025-03-31,106,100,385.00,385.00,CO
100156,100156,50002,132,Y,2025-03-21,2025-03-21,108,100,2062.48,2227.48,CO
100157,100157,50002,120,Y,2025-03-12,2025-03-12,105,100,8540.21,9223.43,CO
100158,100158,50002,128,Y,2025-03-01,2025-03-01,108,100,11300.00,12204.00,CO
100159,100159,50002,122,Y,2025-03-18,2025-03-18,106,100,2359.88,2548.67,CO
100160,100160,50002,132,Y,2025-03-16,2025-03-16,107,100,3031.81,3274.35,CO
100161,100161,50002,120,Y,2025-03-15,2025-03-15,108,100,5822.04,6287.80,CO
100162,100162,50002,122,Y,2025-03-18,2025-03-18,105,100,9528.82,10291.13,CO
100163,100163,50002,121,Y,2025-03-10,2025-03-10,107,100,2123.38,2293.25,CO
100164,100164,50002,125,Y,2025-03-29,2025-03-29,107,100,3507.84,3788.47,CO
100165,100165,50002,134,Y,2025-03-29,2025-03-29,107,100,3866.14,4175.43,CO
100166,100166,50002,130,Y,2025-03-18,2025-03-18,106,100,4907.53,5300.13,CO
100167,100167,50002,129,Y,2025-03-25,2025-03-25,108,100,5170.41,5584.04,CO
100168,100168,50002,124,Y,2025-03-25,2025-03-25,107,100,5269.88,5691.47,CO
100169,100169,50002,203,N,2025-03-02,2025-03-02,106,100,11740.58,11740.58,CO
100170,100170,50002,200,N,2025-03-22,2025-03-22,106,100,11740.58,11740.58,CO
100171,100171,50002,203,N,2025-03-21,2025-03-21,106,100,11740.59,11740.59,CO
100172,100172,50002,206,N,2025-03-31,2025-03-31,106,100,882.00,882.00,CO
100173,100173,50002,207,N,2025-03-31,2025-03-31,106,100,311.50,311.50,CO
100174,100174,12,133,Y,2025-04-08,2025-04-08,107,100,3516.86,3798.21,CO
100175,100175,12,134,Y,2025-04-04,2025-04-04,106,100,3812.91,4117.94,CO
100176,100176,12,134,Y,2025-04-03,2025-04-03,106,100,9900.63,10692.68,CO
100177,100177,12,129,Y,2025-04-04,2025-04-04,108,100,13266.02,14327.30,CO
100178,100178,12,132,Y,2025-04-18,2025-04-18,107,100,4016.71,4338.05,CO
100179,100179,12,127,Y,2025-04-11,2025-04-11,108,100,11818.79,12764.29,CO
100180,100180,12,134,Y,2025-04-25,2025-04-25,106,100,16139.82,17431.01,CO
100181,100181,12,132,Y,2025-04-10,2025-04-10,106,100,13573.09,14658.94,CO
100182,100182,12,132,Y,2025-04-25,2025-04-25,108,100,3892.78,4204.20,CO
100183,100183,12,128,Y,2025-04-10,2025-04-10,106,100,3465.91,3743.18,CO
100184,100184,12,121,Y,2025-04-19,2025-04-19,108,100,2726.46,2944.58,CO
100185,100185,12,121,Y,2025-04-18,2025-04-18,108,100,9494.42,10253.97,CO
100186,100186,12,126,Y,2025-04-04,2025-04-04,107,100,3388.80,3659.90,CO
100187,100187,12,201,N,2025-04-09,2025-04-09,106,100,17008.16,17008.16,CO
100188,100188,12,203,N,2025-04-16,2025-04-16,106,100,17008.16,17008.16,CO
100189,100189,12,205,N,2025-04-11,2025-04-11,106,100,17008.17,17008.17,CO
100190,100190,12,206,N,2025-04-30,2025-04-30,106,100,954.00,954.00,CO
100191,100191,12,207,N,2025-04-30,2025-04-30,106,100,353.50,353.50,CO
100192,100192,50001,127,Y,2025-04-03,2025-04-03,108,100,4494.53,4854.09,CO
100193,100193,50001,125,Y,2025-04-13,2025-04-13,107,100,7700.18,8316.19,CO
100194,100194,50001,121,Y,2025-04-04,2025-04-04,108,100,3266.24,3527.54,CO
100195,100195,50001,131,Y,2025-04-09,2025-04-09,108,100,2289.95,2473.15,CO
100196,100196,50001,124,Y,2025-04-12,2025-04-12,107,100,16281.65,17584.18,CO
100197,100197,50001,125,Y,2025-04-14,2025-04-14,108,100,2201.82,2377.97,CO
100198,100198,50001,130,Y,2025-04-16,2025-04-16,106,100,6717.01,7254.37,CO
100199,100199,50001,121,Y,2025-04-26,2025-04-26,107,100,12556.86,13561.41,CO
100200,100200,50001,122,Y,2025-04-22,2025-04-22,106,100,5516.26,5957.56,CO
100201,100201,50001,132,Y,2025-04-20,2025-04-20,106,100,5704.91,6161.30,CO
100202,100202,50001,127,Y,2025-04-04,2025-04-04,106,100,2188.05,2363.09,CO
100203,100203,50001,134,Y,2025-04-20,2025-04-20,108,100,14514.96,15676.16,CO
100204,100204,50001,133,Y,2025-04-03,2025-04-03,107,100,11358.87,12267.58,CO
100205,100205,50001,122,Y,2025-04-02,2025-04-02,105,100,15573.87,16819.78,CO
100206,100206,50001,125,Y,2025-04-21,2025-04-21,107,100,3237.33,3496.32,CO
100207,100207,50001,127,Y,2025-04-28,2025-04-28,108,100,11840.82,12788.09,CO
100208,100208,50001,133,Y,2025-04-28,2025-04-28,108,100,8964.27,9681.41,CO
100209,100209,50001,123,Y,2025-04-18,2025-04-18,105,100,14567.28,15732.66,CO
100210,100210,50001,202,N,2025-04-24,2025-04-24,106,100,25267.27,25267.27,CO
100211,100211,50001,200,N,2025-04-18,2025-04-18,106,100,25267.27,25267.27,CO
100212,100212,50001,203,N,2025-04-15,2025-04-15,106,100,25267.26,25267.26,CO
100213,100213,50001,206,N,2025-04-30,2025-04-30,106,100,774.00,774.00,CO
100214,100214,50001,207,N,2025-04-30,2025-04-30,106,100,336.00,336.00,CO
100215,100215,50002,126,Y,2025-04-26,2025-04-26,105,100,5054.97,5459.37,CO
100216,100216,50002,127,Y,2025-04-24,2025-04-24,108,100,15693.67,16949.16,CO
100217,100217,50002,126,Y,2025-04-21,2025-04-21,106,100,7963.19,8600.25,CO
100218,100218,50002,121,Y,2025-04-25,2025-04-25,107,100,7460.59,8057.44,CO
100219,100219,50002,122,Y,2025-04-29,2025-04-29,107,100,15503.64,16743.93,CO
100220,100220,50002,130,Y,2025-04-29,2025-04-29,105,100,6197.88,6693.71,CO
100221,100221,50002,128,Y,2025-04-19,2025-04-19,107,100,12105.21,13073.63,CO
100222,100222,50002,124,Y,2025-04-22,2025-04-22,106,100,15405.88,16638.35,CO
100223,100223,50002,131,Y,2025-04-02,2025-04-02,106,100,15700.55,16956.59,CO
100224,100224,50002,120,Y,2025-04-29,2025-04-29,106,100,14322.18,15467.95,CO
100225,100225,50002,125,Y,2025-04-14,2025-04-14,106,100,13708.04,14804.68,CO
100226,100226,50002,130,Y,2025-04-01,2025-04-01,108,100,8765.98,9467.26,CO
100227,100227,50002,133,Y,2025-04-05,2025-04-05,107,100,4308.63,4653.32,CO
100228,100228,50002,127,Y,2025-04-18,2025-04-18,106,100,14703.61,15879.90,CO
100229,100229,50002,204,N,2025-04-27,2025-04-27,106,100,28048.17,28048.17,CO
100230,100230,50002,203,N,2025-04-13,2025-04-13,106,100,28048.17,28048.17,CO
100231,100231,50002,205,N,2025-04-28,2025-04-28,106,100,28048.18,28048.18,CO
100232,100232,50002,206,N,2025-04-30,2025-04-30,106,100,918.00,918.00,CO
100233,100233,50002,207,N,2025-04-30,2025-04-30,106,100,385.00,385.00,CO
100234,100234,12,122,Y,2025-05-20,2025-05-20,106,100,2429.87,2624.26,CO
100235,100235,12,132,Y,2025-05-28,2025-05-28,105,100,7391.99,7983.35,CO
100236,100236,12,125,Y,2025-05-18,2025-05-18,108,100,3063.62,3308.71,CO
100237,100237,12,131,Y,2025-05-18,2025-05-18,108,100,12084.29,13051.03,CO
100238,100238,12,132,Y,2025-05-14,2025-05-14,106,100,7188.58,7763.67,CO
100239,100239,12,121,Y,2025-05-05,2025-05-05,107,100,8975.00,9693.00,CO
100240,100240,12,125,Y,2025-05-22,2025-05-22,106,100,16259.06,17559.78,CO
100241,100241,12,122,Y,2025-05-01,2025-05-01,105,100,3756.88,4057.43,CO
100242,100242,12,124,Y,2025-05-08,2025-05-08,106,100,15715.25,16972.47,CO
100243,100243,12,128,Y,2025-05-16,2025-05-16,105,100,9066.33,9791.64,CO
100244,100244,12,134,Y,2025-05-09,2025-05-09,107,100,12506.33,13506.84,CO
100245,100245,12,124,Y,2025-05-25,2025-05-25,106,100,8176.58,8830.71,CO
100246,100246,12,123,Y,2025-05-10,2025-05-10,108,100,12891.02,13922.30,CO
100247,100247,12,127,Y,2025-05-12,2025-05-12,105,100,12358.27,13346.93,CO
100248,100248,12,126,Y,2025-05-25,2025-05-25,106,100,4843.13,5230.58,CO
100249,100249,12,203,N,2025-05-15,2025-05-15,106,100,22454.24,22454.24,CO
100250,100250,12,205,N,2025-05-19,2025-05-19,106,100,22454.24,22454.24,CO
100251,100251,12,200,N,2025-05-08,2025-05-08,106,100,22454.25,22454.25,CO
100252,100252,12,206,N,2025-05-31,2025-05-31,106,100,972.00,972.00,CO
100253,100253,12,207,N,2025-05-31,2025-05-31,106,100,332.50,332.50,CO
100254,100254,50001,121,Y,2025-05-06,2025-05-06,108,100,13404.39,14476.74,CO
100255,100255,50001,121,Y,2025-05-07,2025-05-07,107,100,9776.19,10558.29,CO
100256,100256,50001,128,Y,2025-05-17,2025-05-17,106,100,8393.83,9065.34,CO
100257,100257,50001,122,Y,2025-05-07,2025-05-07,107,100,2941.85,3177.20,CO
100258,100258,50001,128,Y,2025-05-28,2025-05-28,108,100,6444.12,6959.65,CO
100259,100259,50001,133,Y,2025-05-19,2025-05-19,107,100,12127.19,13097.37,CO
100260,100260,50001,126,Y,2025-05-16,2025-05-16,108,100,16265.98,17567.26,CO
100261,100261,50001,127,Y,2025-05-03,2025-05-03,108,100,11937.61,12892.62,CO
100262,100262,50001,134,Y,2025-05-03,2025-05-03,107,100,9233.76,9972.46,CO
100263,100263,50001,124,Y,2025-05-25,2025-05-25,105,100,13271.55,14333.27,CO
100264,100264,50001,123,Y,2025-05-06,2025-05-06,106,100,12661.31,13674.21,CO
100265,100265,50001,120,Y,2025-05-12,2025-05-12,106,100,12498.03,13497.87,CO
100266,100266,50001,129,Y,2025-05-28,2025-05-28,106,100,6993.47,7552.95,CO
100267,100267,50001,200,N,2025-05-17,2025-05-17,106,100,24149.65,24149.65,CO
100268,100268,50001,201,N,2025-05-31,2025-05-31,106,100,24149.65,24149.65,CO
100269,100269,50001,203,N,2025-05-03,2025-05-03,106,100,24149.66,24149.66,CO
100270,100270,50001,206,N,2025-05-31,2025-05-31,106,100,1008.00,1008.00,CO
100271,100271,50001,207,N,2025-05-31,2025-05-31,106,100,357.00,357.00,CO
100272,100272,50002,131,Y,2025-05-18,2025-05-18,107,100,9405.35,10157.78,CO
100273,100273,50002,125,Y,2025-05-06,2025-05-06,106,100,4137.41,4468.40,CO
100274,100274,50002,128,Y,2025-05-08,2025-05-08,106,100,13438.98,14514.10,CO
100275,100275,50002,124,Y,2025-05-31,2025-05-31,107,100,8283.13,8945.78,CO
100276,100276,50002,125,Y,2025-05-27,2025-05-27,107,100,5094.97,5502.57,CO
100277,100277,50002,125,Y,2025-05-07,2025-05-07,107,100,5101.89,5510.04,CO
100278,100278,50002,124,Y,2025-05-21,2025-05-21,106,100,9967.15,10764.52,CO
100279,100279,50002,131,Y,2025-05-06,2025-05-06,105,100,6785.91,7328.78,CO
100280,100280,50002,125,Y,2025-05-24,2025-05-24,106,100,10147.04,10958.80,CO
100281,100281,50002,134,Y,2025-05-25,2025-05-25,108,100,12605.96,13614.44,CO
100282,100282,50002,120,Y,2025-05-16,2025-05-16,106,100,13988.33,15107.40,CO
100283,100283,50002,124,Y,2025-05-30,2025-05-30,105,100,15113.32,16322.39,CO
100284,100284,50002,120,Y,2025-05-09,2025-05-09,107,100,12226.82,13204.97,CO
100285,100285,50002,122,Y,2025-05-23,2025-05-23,106,100,7659.06,8271.78,CO
100286,100286,50002,134,Y,2025-05-19,2025-05-19,108,100,12730.50,13748.94,CO
100287,100287,50002,203,N,2025-05-25,2025-05-25,106,100,24139.00,24139.00,CO
100288,100288,50002,203,N,2025-05-15,2025-05-15,106,100,24139.00,24139.00,CO
100289,100289,50002,205,N,2025-05-15,2025-05-15,106,100,24139.01,24139.01,CO
100290,100290,50002,206,N,2025-05-31,2025-05-31,106,100,990.00,990.00,CO
100291,100291,50002,207,N,2025-05-31,2025-05-31,106,100,353.50,353.50,CO
100292,100292,12,120,Y,2025-06-04,2025-06-04,105,100,5428.51,5862.79,CO
100293,100293,12,131,Y,2025-06-26,2025-06-26,108,100,2747.63,2967.44,CO
100294,100294,12,130,Y,2025-06-29,2025-06-29,108,100,4674.86,5048.85,CO
100295,100295,12,131,Y,2025-06-19,2025-06-19,107,100,2913.10,3146.15,CO
100296,100296,12,129,Y,2025-06-22,2025-06-22,108,100,9855.86,10644.33,CO
100297,100297,12,127,Y,2025-06-29,2025-06-29,107,100,4683.20,5057.86,CO
100298,100298,12,134,Y,2025-06-20,2025-06-20,105,100,13152.74,14204.96,CO
100299,100299,12,122,Y,2025-06-24,2025-06-24,106,100,10266.06,11087.34,CO
100300,100300,12,132,Y,2025-06-27,2025-06-27,105,100,4663.74,5036.84,CO
100301,100301,12,128,Y,2025-06-26,2025-06-26,106,100,9821.10,10606.79,CO
100302,100302,12,120,Y,2025-06-03,2025-06-03,105,100,15405.35,16637.78,CO
100303,100303,12,129,Y,2025-06-07,2025-06-07,106,100,13829.91,14936.30,CO
100304,100304,12,201,N,2025-06-22,2025-06-22,106,100,16807.10,16807.10,CO
100305,100305,12,201,N,2025-06-09,2025-06-09,106,100,16807.10,16807.10,CO
100306,100306,12,205,N,2025-06-10,2025-06-10,106,100,16807.11,16807.11,CO
100307,100307,12,206,N,2025-06-30,2025-06-30,106,100,1035.00,1035.00,CO
100308,100308,12,207,N,2025-06-30,2025-06-30,106,100,339.50,339.50,CO
100309,100309,50001,126,Y,2025-06-12,2025-06-12,106,100,7549.02,8152.94,CO
100310,100310,50001,130,Y,2025-06-23,2025-06-23,105,100,10004.65,10805.02,CO
100311,100311,50001,120,Y,2025-06-25,2025-06-25,106,100,7250.07,7830.08,CO
100312,100312,50001,125,Y,2025-06-01,2025-06-01,108,100,5044.73,5448.31,CO
100313,100313,50001,133,Y,2025-06-23,2025-06-23,107,100,4395.37,4747.00,CO
100314,100314,50001,124,Y,2025-06-25,2025-06-25,107,100,16679.05,18013.37,CO
100315,100315,50001,125,Y,2025-06-21,2025-06-21,107,100,9844.74,10632.32,CO
100316,100316,50001,126,Y,2025-06-21,2025-06-21,108,100,15623.66,16873.55,CO
100317,100317,50001,127,Y,2025-06-19,2025-06-19,106,100,7756.21,8376.71,CO
100318,100318,50001,133,Y,2025-06-12,2025-06-12,107,100,9826.66,10612.79,CO
100319,100319,50001,130,Y,2025-06-13,2025-06-13,108,100,12695.27,13710.89,CO
100320,100320,50001,134,Y,2025-06-04,2025-06-04,105,100,16485.77,17804.63,CO
100321,100321,50001,123,Y,2025-06-19,2025-06-19,108,100,10421.80,11255.54,CO
100322,100322,50001,120,Y,2025-06-21,2025-06-21,107,100,16637.33,17968.32,CO
100323,100323,50001,133,Y,2025-06-19,2025-06-19,108,100,13225.05,14283.05,CO
100324,100324,50001,120,Y,2025-06-15,2025-06-15,107,100,13422.50,14496.30,CO
100325,100325,50001,128,Y,2025-06-14,2025-06-14,107,100,11357.60,12266.21,CO
100326,100326,50001,132,Y,2025-06-29,2025-06-29,107,100,11160.15,12052.96,CO
100327,100327,50001,203,N,2025-06-09,2025-06-09,106,100,36019.26,36019.26,CO
100328,100328,50001,202,N,2025-06-02,2025-06-02,106,100,36019.26,36019.26,CO
100329,100329,50001,203,N,2025-06-03,2025-06-03,106,100,36019.25,36019.25,CO
100330,100330,50001,206,N,2025-06-30,2025-06-30,106,100,837.00,837.00,CO
100331,100331,50001,207,N,2025-06-30,2025-06-30,106,100,315.00,315.00,CO
100332,100332,50002,122,Y,2025-06-08,2025-06-08,107,100,10889.01,11760.13,CO
100333,100333,50002,123,Y,2025-06-12,2025-06-12,107,100,15793.30,17056.76,CO
100334,100334,50002,128,Y,2025-06-13,2025-06-13,107,100,13703.38,14799.65,CO
100335,100335,50002,127,Y,2025-06-22,2025-06-22,105,100,9864.21,10653.35,CO
100336,100336,50002,121,Y,2025-06-19,2025-06-19,108,100,6463.04,6980.08,CO
100337,100337,50002,130,Y,2025-06-16,2025-06-16,107,100,15679.28,16933.62,CO
100338,100338,50002,122,Y,2025-06-05,2025-06-05,107,100,3739.05,4038.17,CO
100339,100339,50002,124,Y,2025-06-20,2025-06-20,105,100,4898.73,5290.63,CO
100340,100340,50002,131,Y,2025-06-17,2025-06-17,106,100,13179.16,14233.49,CO
100341,100341,50002,130,Y,2025-06-26,2025-06-26,107,100,10580.31,11426.73,CO
100342,100342,50002,120,Y,2025-06-03,2025-06-03,107,100,10702.68,11558.89,CO
100343,100343,50002,121,Y,2025-06-27,2025-06-27,106,100,10168.73,10982.23,CO
100344,100344,50002,131,Y,2025-06-08,2025-06-08,107,100,10733.27,11591.93,CO
100345,100345,50002,202,N,2025-06-04,2025-06-04,106,100,24536.62,24536.62,CO
100346,100346,50002,203,N,2025-06-13,2025-06-13,106,100,24536.62,24536.62,CO
100347,100347,50002,201,N,2025-06-05,2025-06-05,106,100,24536.61,24536.61,CO
100348,100348,50002,206,N,2025-06-30,2025-06-30,106,100,774.00,774.00,CO
100349,100349,50002,207,N,2025-06-30,2025-06-30,106,100,381.50,381.50,CO
100350,100350,12,128,Y,2025-07-07,2025-07-07,107,100,6252.44,6752.64,CO
100351,100351,12,132,Y,2025-07-25,2025-07-25,105,100,5711.13,6168.02,CO
100352,100352,12,132,Y,2025-07-21,2025-07-21,105,100,3809.84,4114.63,CO
100353,100353,12,132,Y,2025-07-15,2025-07-15,106,100,1757.43,1898.02,CO
100354,100354,12,129,Y,2025-07-13,2025-07-13,107,100,11427.44,12341.64,CO
100355,100355,12,123,Y,2025-07-01,2025-07-01,107,100,4964.90,5362.09,CO
100356,100356,12,132,Y,2025-07-05,2025-07-05,107,100,2007.90,2168.53,CO
100357,100357,12,120,Y,2025-07-05,2025-07-05,108,100,2391.89,2583.24,CO
100358,100358,12,127,Y,2025-07-23,2025-07-23,105,100,6821.69,7367.43,CO
100359,100359,12,132,Y,2025-07-22,2025-07-22,106,100,2115.54,2284.78,CO
100360,100360,12,122,Y,2025-07-27,2025-07-27,107,100,10014.66,10815.83,CO
100361,100361,12,122,Y,2025-07-15,2025-07-15,105,100,11302.20,12206.38,CO
100362,100362,12,203,N,2025-07-02,2025-07-02,106,100,11336.06,11336.06,CO
100363,100363,12,201,N,2025-07-13,2025-07-13,106,100,11336.06,11336.06,CO
100364,100364,12,202,N,2025-07-01,2025-07-01,106,100,11336.06,11336.06,CO
100365,100365,12,206,N,2025-07-31,2025-07-31,106,100,801.00,801.00,CO
100366,100366,12,207,N,2025-07-31,2025-07-31,106,100,399.00,399.00,CO
100367,100367,50001,127,Y,2025-07-23,2025-07-23,105,100,7559.64,8164.41,CO
100368,100368,50001,131,Y,2025-07-15,2025-07-15,105,100,11772.09,12713.86,CO
100369,100369,50001,124,Y,2025-07-28,2025-07-28,108,100,3940.25,4255.47,CO
100370,100370,50001,128,Y,2025-07-08,2025-07-08,106,100,10211.31,11028.21,CO
100371,100371,50001,127,Y,2025-07-03,2025-07-03,106,100,12015.32,12976.55,CO
100372,100372,50001,133,Y,2025-07-01,2025-07-01,107,100,10483.52,11322.20,CO
100373,100373,50001,123,Y,2025-07-03,2025-07-03,105,100,11644.79,12576.37,CO
100374,100374,50001,124,Y,2025-07-17,2025-07-17,105,100,2020.32,2181.95,CO
100375,100375,50001,131,Y,2025-07-28,2025-07-28,107,100,11070.36,11955.99,CO
100376,100376,50001,125,Y,2025-07-16,2025-07-16,108,100,12239.91,13219.10,CO
100377,100377,50001,134,Y,2025-07-31,2025-07-31,108,100,2975.63,3213.68,CO
100378,100378,50001,129,Y,2025-07-08,2025-07-08,108,100,4188.65,4523.74,CO
100379,100379,50001,122,Y,2025-07-13,2025-07-13,106,100,10999.98,11879.98,CO
100380,100380,50001,125,Y,2025-07-21,2025-07-21,108,100,8403.17,9075.42,CO
100381,100381,50001,205,N,2025-07-04,2025-07-04,106,100,19850.42,19850.42,CO
100382,100382,50001,201,N,2025-07-02,2025-07-02,106,100,19850.42,19850.42,CO
100383,100383,50001,201,N,2025-07-29,2025-07-29,106,100,19850.42,19850.42,CO
100384,100384,50001,206,N,2025-07-31,2025-07-31,106,100,1026.00,1026.00,CO
100385,100385,50001,207,N,2025-07-31,2025-07-31,106,100,360.50,360.50,CO
100386,100386,50002,130,Y,2025-07-31,2025-07-31,105,100,10291.01,11114.29,CO
100387,100387,50002,130,Y,2025-07-13,2025-07-13,106,100,10246.50,11066.22,CO
100388,100388,50002,134,Y,2025-07-31,2025-07-31,107,100,10374.84,11204.83,CO
100389,100389,50002,129,Y,2025-07-23,2025-07-23,108,100,4485.69,4844.55,CO
100390,100390,50002,121,Y,2025-07-25,2025-07-25,108,100,6094.08,6581.61,CO
100391,100391,50002,126,Y,2025-07-26,2025-07-26,105,100,11931.48,12886.00,CO
100392,100392,50002,131,Y,2025-07-06,2025-07-06,106,100,1615.64,1744.89,CO
100393,100393,50002,120,Y,2025-07-07,2025-07-07,107,100,6321.78,6827.52,CO
100394,100394,50002,127,Y,2025-07-26,2025-07-26,108,100,6777.18,7319.35,CO
100395,100395,50002,131,Y,2025-07-18,2025-07-18,106,100,7606.22,8214.72,CO
100396,100396,50002,124,Y,2025-07-03,2025-07-03,106,100,3628.71,3919.01,CO
100397,100397,50002,132,Y,2025-07-01,2025-07-01,108,100,5329.22,5755.56,CO
100398,100398,50002,133,Y,2025-07-08,2025-07-08,108,100,9661.73,10434.67,CO
100399,100399,50002,132,Y,2025-07-26,2025-07-26,108,100,9322.25,10068.03,CO
100400,100400,50002,202,N,2025-07-23,2025-07-23,106,100,16678.36,16678.36,CO
100401,100401,50002,200,N,2025-07-06,2025-07-06,106,100,16678.36,16678.36,CO
100402,100402,50002,202,N,2025-07-11,2025-07-11,106,100,16678.35,16678.35,CO
100403,100403,50002,206,N,2025-07-31,2025-07-31,106,100,909.00,909.00,CO
100404,100404,50002,207,N,2025-07-31,2025-07-31,106,100,315.00,315.00,CO
100405,100405,12,124,Y,2025-08-19,2025-08-19,105,100,7157.28,7729.86,CO
100406,100406,12,134,Y,2025-08-27,2025-08-27,105,100,7118.80,7688.30,CO
100407,100407,12,133,Y,2025-08-17,2025-08-17,107,100,4294.16,4637.69,CO
100408,100408,12,120,Y,2025-08-10,2025-08-10,105,100,6887.92,7438.95,CO
100409,100409,12,127,Y,2025-08-30,2025-08-30,106,100,7427.68,8021.89,CO
100410,100410,12,132,Y,2025-08-21,2025-08-21,107,100,3442.40,3717.79,CO
100411,100411,12,130,Y,2025-08-20,2025-08-20,106,100,2510.56,2711.40,CO
100412,100412,12,129,Y,2025-08-13,2025-08-13,106,100,6986.72,7545.66,CO
100413,100413,12,131,Y,2025-08-13,2025-08-13,108,100,4758.00,5138.64,CO
100414,100414,12,134,Y,2025-08-13,2025-08-13,106,100,4363.84,4712.95,CO
100415,100415,12,128,Y,2025-08-03,2025-08-03,108,100,7522.32,8124.11,CO
100416,100416,12,131,Y,2025-08-07,2025-08-07,106,100,11403.60,12315.89,CO
100417,100417,12,127,Y,2025-08-27,2025-08-27,108,100,7973.68,8611.57,CO
100418,100418,12,134,Y,2025-08-06,2025-08-06,108,100,2484.56,2683.32,CO
100419,100419,12,133,Y,2025-08-19,2025-08-19,108,100,9851.92,10640.07,CO
100420,100420,12,200,N,2025-08-26,2025-08-26,106,100,15713.41,15713.41,CO
100421,100421,12,200,N,2025-08-17,2025-08-17,106,100,15713.41,15713.41,CO
100422,100422,12,202,N,2025-08-04,2025-08-04,106,100,15713.42,15713.42,CO
100423,100423,12,206,N,2025-08-31,2025-08-31,106,100,792.00,792.00,CO
100424,100424,12,207,N,2025-08-31,2025-08-31,106,100,304.50,304.50,CO
100425,100425,50001,127,Y,2025-08-28,2025-08-28,108,100,9483.76,10242.46,CO
100426,100426,50001,127,Y,2025-08-07,2025-08-07,108,100,4266.08,4607.37,CO
100427,100427,50001,128,Y,2025-08-04,2025-08-04,105,100,9901.84,10693.99,CO
100428,100428,50001,121,Y,2025-08-29,2025-08-29,107,100,6232.72,6731.34,CO
100429,100429,50001,133,Y,2025-08-21,2025-08-21,106,100,11365.12,12274.33,CO
100430,100430,50001,122,Y,2025-08-22,2025-08-22,108,100,10701.60,11557.73,CO
100431,100431,50001,133,Y,2025-08-13,2025-08-13,108,100,8635.12,9325.93,CO
100432,100432,50001,132,Y,2025-08-18,2025-08-18,105,100,7836.40,8463.31,CO
100433,100433,50001,133,Y,2025-08-31,2025-08-31,106,100,12008.88,12969.59,CO
100434,100434,50001,121,Y,2025-08-19,2025-08-19,106,100,4220.32,4557.95,CO
100435,100435,50001,120,Y,2025-08-13,2025-08-13,108,100,11440.00,12355.20,CO
100436,100436,50001,132,Y,2025-08-11,2025-08-11,105,100,5470.40,5908.03,CO
100437,100437,50001,120,Y,2025-08-15,2025-08-15,105,100,6311.76,6816.70,CO
100438,100438,50001,126,Y,2025-08-25,2025-08-25,105,100,12387.44,13378.44,CO
100439,100439,50001,123,Y,2025-08-13,2025-08-13,107,100,9011.60,9732.53,CO
100440,100440,50001,132,Y,2025-08-14,2025-08-14,105,100,9492.08,10251.45,CO
100441,100441,50001,126,Y,2025-08-26,2025-08-26,106,100,3626.48,3916.60,CO
100442,100442,50001,203,N,2025-08-21,2025-08-21,106,100,23892.21,23892.21,CO
100443,100443,50001,205,N,2025-08-30,2025-08-30,106,100,23892.21,23892.21,CO
100444,100444,50001,204,N,2025-08-24,2025-08-24,106,100,23892.21,23892.21,CO
100445,100445,50001,206,N,2025-08-31,2025-08-31,106,100,765.00,765.00,CO
100446,100446,50001,207,N,2025-08-31,2025-08-31,106,100,311.50,311.50,CO
100447,100447,50002,132,Y,2025-08-14,2025-08-14,107,100,1874.08,2024.01,CO
100448,100448,50002,127,Y,2025-08-02,2025-08-02,108,100,3574.48,3860.44,CO
100449,100449,50002,120,Y,2025-08-09,2025-08-09,105,100,7801.04,8425.12,CO
100450,100450,50002,127,Y,2025-08-30,2025-08-30,108,100,9902.88,10695.11,CO
100451,100451,50002,123,Y,2025-08-07,2025-08-07,108,100,2012.40,2173.39,CO
100452,100452,50002,121,Y,2025-08-19,2025-08-19,106,100,10956.40,11832.91,CO
100453,100453,50002,127,Y,2025-08-02,2025-08-02,107,100,4759.04,5139.76,CO
100454,100454,50002,121,Y,2025-08-20,2025-08-20,108,100,11876.80,12826.94,CO
100455,100455,50002,130,Y,2025-08-06,2025-08-06,108,100,9919.52,10713.08,CO
100456,100456,50002,126,Y,2025-08-13,2025-08-13,107,100,6535.36,7058.19,CO
100457,100457,50002,124,Y,2025-08-01,2025-08-01,107,100,5496.40,5936.11,CO
100458,100458,50002,123,Y,2025-08-01,2025-08-01,106,100,9060.48,9785.32,CO
100459,100459,50002,124,Y,2025-08-09,2025-08-09,108,100,7474.48,8072.44,CO
100460,100460,50002,129,Y,2025-08-07,2025-08-07,108,100,9695.92,10471.59,CO
100461,100461,50002,134,Y,2025-08-13,2025-08-13,105,100,9425.52,10179.56,CO
100462,100462,50002,203,N,2025-08-25,2025-08-25,106,100,19606.32,19606.32,CO
100463,100463,50002,201,N,2025-08-25,2025-08-25,106,100,19606.32,19606.32,CO
100464,100464,50002,205,N,2025-08-01,2025-08-01,106,100,19606.32,19606.32,CO
100465,100465,50002,206,N,2025-08-31,2025-08-31,106,100,900.00,900.00,CO
100466,100466,50002,207,N,2025-08-31,2025-08-31,106,100,413.00,413.00,CO
100467,100467,12,125,Y,2025-09-30,2025-09-30,108,100,11624.58,12554.55,CO
100468,100468,12,128,Y,2025-09-23,2025-09-23,105,100,5562.54,6007.54,CO
100469,100469,12,121,Y,2025-09-07,2025-09-07,106,100,11970.48,12928.12,CO
100470,100470,12,131,Y,2025-09-08,2025-09-08,107,100,8379.86,9050.25,CO
100471,100471,12,127,Y,2025-09-21,2025-09-21,105,100,2338.71,2525.81,CO
100472,100472,12,128,Y,2025-09-27,2025-09-27,105,100,1604.08,1732.41,CO
100473,100473,12,121,Y,2025-09-21,2025-09-21,106,100,5589.71,6036.89,CO
100474,100474,12,124,Y,2025-09-29,2025-09-29,106,100,4267.78,4609.20,CO
100475,100475,12,129,Y,2025-09-18,2025-09-18,108,100,12387.43,13378.42,CO
100476,100476,12,130,Y,2025-09-28,2025-09-28,105,100,10098.88,10906.79,CO
100477,100477,12,126,Y,2025-09-06,2025-09-06,106,100,6910.59,7463.44,CO
100478,100478,12,124,Y,2025-09-29,2025-09-29,107,100,5298.15,5722.00,CO
100479,100479,12,125,Y,2025-09-07,2025-09-07,108,100,7271.11,7852.80,CO
100480,100480,12,127,Y,2025-09-05,2025-09-05,106,100,4875.97,5266.05,CO
100481,100481,12,131,Y,2025-09-09,2025-09-09,105,100,10511.66,11352.59,CO
100482,100482,12,133,Y,2025-09-19,2025-09-19,107,100,6725.62,7263.67,CO
100483,100483,12,203,N,2025-09-19,2025-09-19,106,100,19698.76,19698.76,CO
100484,100484,12,203,N,2025-09-25,2025-09-25,106,100,19698.76,19698.76,CO
100485,100485,12,202,N,2025-09-23,2025-09-23,106,100,19698.75,19698.75,CO
100486,100486,12,206,N,2025-09-30,2025-09-30,106,100,936.00,936.00,CO
100487,100487,12,207,N,2025-09-30,2025-09-30,106,100,315.00,315.00,CO
100488,100488,50001,131,Y,2025-09-02,2025-09-02,105,100,5953.37,6429.64,CO
100489,100489,50001,123,Y,2025-09-29,2025-09-29,107,100,12356.08,13344.57,CO
100490,100490,50001,131,Y,2025-09-07,2025-09-07,105,100,6072.50,6558.30,CO
100491,100491,50001,134,Y,2025-09-14,2025-09-14,106,100,9342.30,10089.68,CO
100492,100492,50001,121,Y,2025-09-18,2025-09-18,106,100,11320.49,12226.13,CO
100493,100493,50001,132,Y,2025-09-24,2025-09-24,108,100,11393.64,12305.13,CO
100494,100494,50001,128,Y,2025-09-03,2025-09-03,108,100,6315.98,6821.26,CO
100495,100495,50001,130,Y,2025-09-07,2025-09-07,108,100,2502.78,2703.00,CO
100496,100496,50001,130,Y,2025-09-26,2025-09-26,105,100,3641.83,3933.18,CO
100497,100497,50001,126,Y,2025-09-02,2025-09-02,107,100,11654.89,12587.28,CO
100498,100498,50001,122,Y,2025-09-24,2025-09-24,108,100,3245.77,3505.43,CO
100499,100499,50001,124,Y,2025-09-02,2025-09-02,106,100,2729.54,2947.90,CO
100500,100500,50001,124,Y,2025-09-13,2025-09-13,105,100,11012.21,11893.19,CO
100501,100501,50001,121,Y,2025-09-21,2025-09-21,107,100,10986.09,11864.98,CO
100502,100502,50001,120,Y,2025-09-24,2025-09-24,108,100,3174.71,3428.69,CO
100503,100503,50001,130,Y,2025-09-30,2025-09-30,107,100,5262.62,5683.63,CO
100504,100504,50001,201,N,2025-09-15,2025-09-15,106,100,19214.11,19214.11,CO
100505,100505,50001,201,N,2025-09-16,2025-09-16,106,100,19214.11,19214.11,CO
100506,100506,50001,203,N,2025-09-28,2025-09-28,106,100,19214.10,19214.10,CO
100507,100507,50001,206,N,2025-09-30,2025-09-30,106,100,999.00,999.00,CO
100508,100508,50001,207,N,2025-09-30,2025-09-30,106,100,392.00,392.00,CO
100509,100509,50002,126,Y,2025-09-11,2025-09-11,106,100,2549.80,2753.78,CO
100510,100510,50002,122,Y,2025-09-20,2025-09-20,106,100,11138.66,12029.75,CO
100511,100511,50002,132,Y,2025-09-01,2025-09-01,106,100,2093.14,2260.59,CO
100512,100512,50002,132,Y,2025-09-13,2025-09-13,108,100,6944.03,7499.55,CO
100513,100513,50002,128,Y,2025-09-17,2025-09-17,105,100,8938.93,9654.04,CO
100514,100514,50002,125,Y,2025-09-04,2025-09-04,106,100,6922.08,7475.85,CO
100515,100515,50002,127,Y,2025-09-18,2025-09-18,107,100,6356.74,6865.28,CO
100516,100516,50002,129,Y,2025-09-30,2025-09-30,106,100,3880.09,4190.50,CO
100517,100517,50002,120,Y,2025-09-21,2025-09-21,108,100,5137.22,5548.20,CO
100518,100518,50002,128,Y,2025-09-10,2025-09-10,108,100,2430.67,2625.12,CO
100519,100519,50002,120,Y,2025-09-13,2025-09-13,105,100,10064.40,10869.55,CO
100520,100520,50002,132,Y,2025-09-19,2025-09-19,105,100,2785.97,3008.85,CO
100521,100521,50002,125,Y,2025-09-20,2025-09-20,108,100,11706.09,12642.58,CO
100522,100522,50002,201,N,2025-09-27,2025-09-27,106,100,13331.24,13331.24,CO
100523,100523,50002,205,N,2025-09-13,2025-09-13,106,100,13331.24,13331.24,CO
100524,100524,50002,200,N,2025-09-26,2025-09-26,106,100,13331.23,13331.23,CO
100525,100525,50002,206,N,2025-09-30,2025-09-30,106,100,765.00,765.00,CO
100526,100526,50002,207,N,2025-09-30,2025-09-30,106,100,392.00,392.00,CO
100527,100527,12,125,Y,2025-10-12,2025-10-12,106,100,4322.85,4668.68,CO
100528,100528,12,121,Y,2025-10-25,2025-10-25,107,100,3328.50,3594.78,CO
100529,100529,12,121,Y,2025-10-14,2025-10-14,106,100,11595.15,12522.76,CO
100530,100530,12,130,Y,2025-10-07,2025-10-07,107,100,5290.95,5714.23,CO
100531,100531,12,133,Y,2025-10-29,2025-10-29,108,100,2202.90,2379.13,CO
100532,100532,12,120,Y,2025-10-12,2025-10-12,108,100,9606.45,10374.97,CO
100533,100533,12,127,Y,2025-10-18,2025-10-18,106,100,4418.40,4771.87,CO
100534,100534,12,129,Y,2025-10-16,2025-10-16,108,100,8895.60,9607.25,CO
100535,100535,12,122,Y,2025-10-24,2025-10-24,108,100,9813.30,10598.36,CO
100536,100536,12,127,Y,2025-10-01,2025-10-01,105,100,4953.90,5350.21,CO
100537,100537,12,127,Y,2025-10-03,2025-10-03,108,100,4840.50,5227.74,CO
100538,100538,12,129,Y,2025-10-21,2025-10-21,106,100,4437.30,4792.28,CO
100539,100539,12,131,Y,2025-10-21,2025-10-21,107,100,7038.15,7601.20,CO
100540,100540,12,203,N,2025-10-20,2025-10-20,106,100,13252.00,13252.00,CO
100541,100541,12,201,N,2025-10-11,2025-10-11,106,100,13252.00,13252.00,CO
100542,100542,12,202,N,2025-10-05,2025-10-05,106,100,13251.99,13251.99,CO
100543,100543,12,206,N,2025-10-31,2025-10-31,106,100,774.00,774.00,CO
100544,100544,12,207,N,2025-10-31,2025-10-31,106,100,409.50,409.50,CO
100545,100545,50001,122,Y,2025-10-23,2025-10-23,108,100,11261.25,12162.15,CO
100546,100546,50001,128,Y,2025-10-18,2025-10-18,106,100,8359.05,9027.77,CO
100547,100547,50001,133,Y,2025-10-24,2025-10-24,107,100,5006.40,5406.91,CO
100548,100548,50001,125,Y,2025-10-13,2025-10-13,107,100,11151.00,12043.08,CO
100549,100549,50001,127,Y,2025-10-29,2025-10-29,106,100,4731.30,5109.80,CO
100550,100550,50001,132,Y,2025-10-31,2025-10-31,108,100,1654.80,1787.18,CO
100551,100551,50001,126,Y,2025-10-16,2025-10-16,106,100,5046.30,5450.00,CO
100552,100552,50001,126,Y,2025-10-15,2025-10-15,106,100,5250.00,5670.00,CO
100553,100553,50001,134,Y,2025-10-04,2025-10-04,108,100,7635.60,8246.45,CO
100554,100554,50001,121,Y,2025-10-26,2025-10-26,108,100,2196.60,2372.33,CO
100555,100555,50001,130,Y,2025-10-03,2025-10-03,105,100,12026.70,12988.84,CO
100556,100556,50001,128,Y,2025-10-02,2025-10-02,105,100,7875.00,8505.00,CO
100557,100557,50001,134,Y,2025-10-06,2025-10-06,105,100,9740.85,10520.12,CO
100558,100558,50001,134,Y,2025-10-12,2025-10-12,107,100,4387.95,4738.99,CO
100559,100559,50001,122,Y,2025-10-12,2025-10-12,105,100,3420.90,3694.57,CO
100560,100560,50001,123,Y,2025-10-24,2025-10-24,108,100,8578.50,9264.78,CO
100561,100561,50001,201,N,2025-10-09,2025-10-09,106,100,19998.39,19998.39,CO
100562,100562,50001,200,N,2025-10-09,2025-10-09,106,100,19998.39,19998.39,CO
100563,100563,50001,202,N,2025-10-27,2025-10-27,106,100,19998.38,19998.38,CO
100564,100564,50001,206,N,2025-10-31,2025-10-31,106,100,774.00,774.00,CO
100565,100565,50001,207,N,2025-10-31,2025-10-31,106,100,364.00,364.00,CO
100566,100566,50002,131,Y,2025-10-15,2025-10-15,106,100,9370.20,10119.82,CO
100567,100567,50002,126,Y,2025-10-17,2025-10-17,106,100,2154.60,2326.97,CO
100568,100568,50002,121,Y,2025-10-15,2025-10-15,107,100,6848.10,7395.95,CO
100569,100569,50002,126,Y,2025-10-05,2025-10-05,108,100,10680.60,11535.05,CO
100570,100570,50002,121,Y,2025-10-31,2025-10-31,108,100,11540.55,12463.79,CO
100571,100571,50002,121,Y,2025-10-30,2025-10-30,108,100,11151.00,12043.08,CO
100572,100572,50002,134,Y,2025-10-09,2025-10-09,106,100,8854.65,9563.02,CO
100573,100573,50002,125,Y,2025-10-21,2025-10-21,108,100,3366.30,3635.60,CO
100574,100574,50002,124,Y,2025-10-21,2025-10-21,108,100,11808.30,12752.96,CO
100575,100575,50002,125,Y,2025-10-24,2025-10-24,107,100,5036.85,5439.80,CO
100576,100576,50002,132,Y,2025-10-30,2025-10-30,106,100,5605.95,6054.43,CO
100577,100577,50002,127,Y,2025-10-28,2025-10-28,107,100,2329.95,2516.35,CO
100578,100578,50002,129,Y,2025-10-07,2025-10-07,108,100,3197.25,3453.03,CO
100579,100579,50002,122,Y,2025-10-10,2025-10-10,105,100,8506.05,9186.53,CO
100580,100580,50002,130,Y,2025-10-29,2025-10-29,107,100,12540.15,13543.36,CO
100581,100581,50002,205,N,2025-10-26,2025-10-26,106,100,19864.26,19864.26,CO
100582,100582,50002,200,N,2025-10-29,2025-10-29,106,100,19864.26,19864.26,CO
100583,100583,50002,203,N,2025-10-16,2025-10-16,106,100,19864.26,19864.26,CO
100584,100584,50002,206,N,2025-10-31,2025-10-31,106,100,792.00,792.00,CO
100585,100585,50002,207,N,2025-10-31,2025-10-31,106,100,374.50,374.50,CO
100586,100586,12,130,Y,2025-11-26,2025-11-26,107,100,10339.00,11166.12,CO
100587,100587,12,129,Y,2025-11-15,2025-11-15,108,100,2794.70,3018.28,CO
100588,100588,12,127,Y,2025-11-28,2025-11-28,108,100,10464.55,11301.71,CO
100589,100589,12,134,Y,2025-11-23,2025-11-23,105,100,4640.95,5012.23,CO
100590,100590,12,120,Y,2025-11-04,2025-11-04,108,100,10323.18,11149.03,CO
100591,100591,12,133,Y,2025-11-24,2025-11-24,107,100,7552.75,8156.97,CO
100592,100592,12,126,Y,2025-11-22,2025-11-22,105,100,12182.09,13156.66,CO
100593,100593,12,126,Y,2025-11-06,2025-11-06,106,100,5678.01,6132.25,CO
100594,100594,12,125,Y,2025-11-27,2025-11-27,106,100,12290.75,13274.01,CO
100595,100595,12,132,Y,2025-11-29,2025-11-29,105,100,10958.29,11834.95,CO
100596,100596,12,134,Y,2025-11-09,2025-11-09,106,100,4376.14,4726.23,CO
100597,100597,12,122,Y,2025-11-08,2025-11-08,105,100,3204.04,3460.36,CO
100598,100598,12,131,Y,2025-11-16,2025-11-16,105,100,3231.47,3489.99,CO
100599,100599,12,123,Y,2025-11-21,2025-11-21,105,100,7417.71,8011.13,CO
100600,100600,12,122,Y,2025-11-08,2025-11-08,108,100,9512.94,10273.98,CO
100601,100601,12,200,N,2025-11-18,2025-11-18,106,100,20264.63,20264.63,CO
100602,100602,12,202,N,2025-11-12,2025-11-12,106,100,20264.63,20264.63,CO
100603,100603,12,204,N,2025-11-20,2025-11-20,106,100,20264.64,20264.64,CO
100604,100604,12,206,N,2025-11-30,2025-11-30,106,100,1035.00,1035.00,CO
100605,100605,12,207,N,2025-11-30,2025-11-30,106,100,297.50,297.50,CO
100606,100606,50001,123,Y,2025-11-19,2025-11-19,106,100,6837.46,7384.46,CO
100607,100607,50001,134,Y,2025-11-02,2025-11-02,105,100,5453.30,5889.56,CO
100608,100608,50001,131,Y,2025-11-10,2025-11-10,107,100,3351.74,3619.88,CO
100609,100609,50001,126,Y,2025-11-11,2025-11-11,106,100,2123.72,2293.62,CO
100610,100610,50001,123,Y,2025-11-22,2025-11-22,105,100,4230.55,4568.99,CO
100611,100611,50001,128,Y,2025-11-09,2025-11-09,108,100,4376.14,4726.23,CO
100612,100612,50001,133,Y,2025-11-12,2025-11-12,107,100,3170.28,3423.90,CO
100613,100613,50001,120,Y,2025-11-23,2025-11-23,108,100,10340.06,11167.26,CO
100614,100614,50001,133,Y,2025-11-02,2025-11-02,106,100,12499.64,13499.61,CO
100615,100615,50001,121,Y,2025-11-25,2025-11-25,106,100,3200.87,3456.94,CO
100616,100616,50001,128,Y,2025-11-26,2025-11-26,105,100,3654.52,3946.88,CO
100617,100617,50001,125,Y,2025-11-02,2025-11-02,108,100,4497.47,4857.27,CO
100618,100618,50001,203,N,2025-11-28,2025-11-28,106,100,10895.33,10895.33,CO
100619,100619,50001,202,N,2025-11-04,2025-11-04,106,100,10895.33,10895.33,CO
100620,100620,50001,205,N,2025-11-09,2025-11-09,106,100,10895.32,10895.32,CO
100621,100621,50001,206,N,2025-11-30,2025-11-30,106,100,891.00,891.00,CO
100622,100622,50001,207,N,2025-11-30,2025-11-30,106,100,388.50,388.50,CO
100623,100623,50002,124,Y,2025-11-04,2025-11-04,105,100,3031.02,3273.50,CO
100624,100624,50002,133,Y,2025-11-15,2025-11-15,106,100,1939.09,2094.22,CO
100625,100625,50002,130,Y,2025-11-06,2025-11-06,106,100,4158.81,4491.51,CO
100626,100626,50002,127,Y,2025-11-23,2025-11-23,107,100,7809.11,8433.84,CO
100627,100627,50002,124,Y,2025-11-23,2025-11-23,108,100,12281.26,13263.76,CO
100628,100628,50002,129,Y,2025-11-27,2025-11-27,108,100,10349.55,11177.51,CO
100629,100629,50002,131,Y,2025-11-18,2025-11-18,108,100,5182.16,5596.73,CO
100630,100630,50002,121,Y,2025-11-29,2025-11-29,108,100,7891.40,8522.71,CO
100631,100631,50002,129,Y,2025-11-12,2025-11-12,108,100,1997.12,2156.89,CO
100632,100632,50002,123,Y,2025-11-17,2025-11-17,107,100,6219.23,6716.77,CO
100633,100633,50002,125,Y,2025-11-06,2025-11-06,107,100,4305.46,4649.90,CO
100634,100634,50002,127,Y,2025-11-11,2025-11-11,106,100,7866.08,8495.37,CO
100635,100635,50002,124,Y,2025-11-24,2025-11-24,106,100,9171.12,9904.81,CO
100636,100636,50002,121,Y,2025-11-16,2025-11-16,107,100,9719.72,10497.30,CO
100637,100637,50002,132,Y,2025-11-15,2025-11-15,106,100,3915.11,4228.32,CO
100638,100638,50002,132,Y,2025-11-14,2025-11-14,107,100,6222.39,6720.18,CO
100639,100639,50002,132,Y,2025-11-19,2025-11-19,106,100,9208.04,9944.68,CO
100640,100640,50002,202,N,2025-11-10,2025-11-10,106,100,19912.65,19912.65,CO
100641,100641,50002,200,N,2025-11-28,2025-11-28,106,100,19912.65,19912.65,CO
100642,100642,50002,202,N,2025-11-19,2025-11-19,106,100,19912.66,19912.66,CO
100643,100643,50002,206,N,2025-11-30,2025-11-30,106,100,954.00,954.00,CO
100644,100644,50002,207,N,2025-11-30,2025-11-30,106,100,420.00,420.00,CO
100645,100645,12,124,Y,2025-12-29,2025-12-29,108,100,3909.81,4222.59,CO
100646,100646,12,124,Y,2025-12-29,2025-12-29,107,100,5789.99,6253.19,CO
100647,100647,12,130,Y,2025-12-18,2025-12-18,106,100,7854.60,8482.97,CO
100648,100648,12,126,Y,2025-12-08,2025-12-08,105,100,5271.65,5693.38,CO
100649,100649,12,130,Y,2025-12-20,2025-12-20,107,100,7876.07,8506.16,CO
100650,100650,12,127,Y,2025-12-31,2025-12-31,105,100,3750.02,4050.02,CO
100651,100651,12,122,Y,2025-12-24,2025-12-24,106,100,3891.53,4202.85,CO
100652,100652,12,128,Y,2025-12-11,2025-12-11,105,100,5506.17,5946.66,CO
100653,100653,12,134,Y,2025-12-05,2025-12-05,106,100,5148.42,5560.29,CO
100654,100654,12,127,Y,2025-12-11,2025-12-11,106,100,2313.45,2498.53,CO
100655,100655,12,126,Y,2025-12-14,2025-12-14,105,100,8079.59,8725.96,CO
100656,100656,12,130,Y,2025-12-20,2025-12-20,105,100,9354.77,10103.15,CO
100657,100657,12,129,Y,2025-12-24,2025-12-24,108,100,5422.70,5856.52,CO
100658,100658,12,129,Y,2025-12-25,2025-12-25,106,100,9109.91,9838.70,CO
100659,100659,12,125,Y,2025-12-27,2025-12-27,107,100,1413.51,1526.59,CO
100660,100660,12,133,Y,2025-12-03,2025-12-03,108,100,2481.20,2679.70,CO
100661,100661,12,203,N,2025-12-15,2025-12-15,106,100,15158.92,15158.92,CO
100662,100662,12,204,N,2025-12-31,2025-12-31,106,100,15158.92,15158.92,CO
100663,100663,12,205,N,2025-12-04,2025-12-04,106,100,15158.91,15158.91,CO
100664,100664,12,206,N,2025-12-31,2025-12-31,106,100,1017.00,1017.00,CO
100665,100665,12,207,N,2025-12-31,2025-12-31,106,100,395.50,395.50,CO
100666,100666,50001,134,Y,2025-12-21,2025-12-21,106,100,3017.03,3258.39,CO
100667,100667,50001,124,Y,2025-12-13,2025-12-13,108,100,9461.30,10218.20,CO
100668,100668,50001,133,Y,2025-12-04,2025-12-04,108,100,1799.09,1943.02,CO
100669,100669,50001,127,Y,2025-12-12,2025-12-12,105,100,4461.54,4818.46,CO
100670,100670,50001,120,Y,2025-12-09,2025-12-09,105,100,5630.19,6080.61,CO
100671,100671,50001,127,Y,2025-12-02,2025-12-02,108,100,3186.36,3441.27,CO
100672,100672,50001,129,Y,2025-12-14,2025-12-14,106,100,2763.42,2984.49,CO
100673,100673,50001,132,Y,2025-12-22,2025-12-22,107,100,2024.07,2186.00,CO
100674,100674,50001,130,Y,2025-12-16,2025-12-16,108,100,6237.57,6736.58,CO
100675,100675,50001,133,Y,2025-12-24,2025-12-24,106,100,4472.67,4830.48,CO
100676,100676,50001,121,Y,2025-12-30,2025-12-30,107,100,8508.09,9188.74,CO
100677,100677,50001,122,Y,2025-12-28,2025-12-28,105,100,4381.25,4731.75,CO
100678,100678,50001,124,Y,2025-12-28,2025-12-28,105,100,4390.79,4742.05,CO
100679,100679,50001,120,Y,2025-12-22,2025-12-22,108,100,6927.63,7481.84,CO
100680,100680,50001,124,Y,2025-12-12,2025-12-12,105,100,3633.15,3923.80,CO
100681,100681,50001,200,N,2025-12-29,2025-12-29,106,100,12647.91,12647.91,CO
100682,100682,50001,201,N,2025-12-02,2025-12-02,106,100,12647.91,12647.91,CO
100683,100683,50001,200,N,2025-12-23,2025-12-23,106,100,12647.91,12647.91,CO
100684,100684,50001,206,N,2025-12-31,2025-12-31,106,100,990.00,990.00,CO
100685,100685,50001,207,N,2025-12-31,2025-12-31,106,100,395.50,395.50,CO
100686,100686,50002,130,Y,2025-12-13,2025-12-13,108,100,9398.49,10150.37,CO
100687,100687,50002,125,Y,2025-12-15,2025-12-15,108,100,1206.02,1302.50,CO
100688,100688,50002,127,Y,2025-12-20,2025-12-20,107,100,2315.04,2500.24,CO
100689,100689,50002,127,Y,2025-12-04,2025-12-04,106,100,6281.30,6783.80,CO
100690,100690,50002,131,Y,2025-12-07,2025-12-07,108,100,2306.30,2490.80,CO
100691,100691,50002,122,Y,2025-12-03,2025-12-03,107,100,4409.07,4761.80,CO
100692,100692,50002,125,Y,2025-12-03,2025-12-03,107,100,3560.01,3844.81,CO
100693,100693,50002,120,Y,2025-12-10,2025-12-10,106,100,2430.32,2624.75,CO
100694,100694,50002,125,Y,2025-12-27,2025-12-27,108,100,7495.26,8094.88,CO
100695,100695,50002,120,Y,2025-12-09,2025-12-09,107,100,2879.49,3109.85,CO
100696,100696,50002,133,Y,2025-12-31,2025-12-31,108,100,9332.51,10079.11,CO
100697,100697,50002,130,Y,2025-12-25,2025-12-25,106,100,5249.39,5669.34,CO
100698,100698,50002,123,Y,2025-12-07,2025-12-07,108,100,1972.40,2130.19,CO
100699,100699,50002,121,Y,2025-12-17,2025-12-17,106,100,7542.96,8146.40,CO
100700,100700,50002,205,N,2025-12-08,2025-12-08,106,100,11302.86,11302.86,CO
100701,100701,50002,200,N,2025-12-10,2025-12-10,106,100,11302.86,11302.86,CO
100702,100702,50002,205,N,2025-12-21,2025-12-21,106,100,11302.86,11302.86,CO
100703,100703,50002,206,N,2025-12-31,2025-12-31,106,100,990.00,990.00,CO
100704,100704,50002,207,N,2025-12-31,2025-12-31,106,100,318.50,318.50,CO
100705,100705,12,130,Y,2026-01-23,2026-01-23,108,100,5842.97,6310.41,CO
100706,100706,12,127,Y,2026-01-01,2026-01-01,108,100,8089.03,8736.15,CO
100707,100707,12,123,Y,2026-01-10,2026-01-10,106,100,2084.06,2250.78,CO
100708,100708,12,129,Y,2026-01-05,2026-01-05,106,100,6262.31,6763.29,CO
100709,100709,12,133,Y,2026-01-19,2026-01-19,108,100,4853.25,5241.51,CO
100710,100710,12,120,Y,2026-01-04,2026-01-04,105,100,9692.16,10467.53,CO
100711,100711,12,134,Y,2026-01-21,2026-01-21,105,100,9579.94,10346.34,CO
100712,100712,12,134,Y,2026-01-01,2026-01-01,107,100,4237.31,4576.29,CO
100713,100713,12,120,Y,2026-01-01,2026-01-01,106,100,7467.19,8064.57,CO
100714,100714,12,122,Y,2026-01-06,2026-01-06,107,100,2755.69,2976.15,CO
100715,100715,12,120,Y,2026-01-25,2026-01-25,108,100,5815.13,6280.34,CO
100716,100716,12,128,Y,2026-01-29,2026-01-29,107,100,4572.28,4938.06,CO
100717,100717,12,120,Y,2026-01-21,2026-01-21,108,100,2003.06,2163.30,CO
100718,100718,12,122,Y,2026-01-03,2026-01-03,107,100,2322.84,2508.67,CO
100719,100719,12,123,Y,2026-01-11,2026-01-11,105,100,2992.78,3232.20,CO
100720,100720,12,200,N,2026-01-04,2026-01-04,106,100,13486.08,13486.08,CO
100721,100721,12,203,N,2026-01-29,2026-01-29,106,100,13486.08,13486.08,CO
100722,100722,12,201,N,2026-01-08,2026-01-08,106,100,13486.08,13486.08,CO
100723,100723,12,206,N,2026-01-31,2026-01-31,106,100,999.00,999.00,CO
100724,100724,12,207,N,2026-01-31,2026-01-31,106,100,329.00,329.00,CO
100725,100725,50001,122,Y,2026-01-11,2026-01-11,105,100,2830.78,3057.24,CO
100726,100726,50001,121,Y,2026-01-23,2026-01-23,106,100,6994.69,7554.27,CO
100727,100727,50001,131,Y,2026-01-13,2026-01-13,108,100,3705.75,4002.21,CO
100728,100728,50001,127,Y,2026-01-17,2026-01-17,107,100,6124.78,6614.76,CO
100729,100729,50001,125,Y,2026-01-21,2026-01-21,106,100,3730.22,4028.64,CO
100730,100730,50001,121,Y,2026-01-20,2026-01-20,107,100,8634.09,9324.82,CO
100731,100731,50001,129,Y,2026-01-14,2026-01-14,108,100,4403.53,4755.81,CO
100732,100732,50001,121,Y,2026-01-08,2026-01-08,108,100,3510.84,3791.71,CO
100733,100733,50001,128,Y,2026-01-11,2026-01-11,108,100,4785.75,5168.61,CO
100734,100734,50001,124,Y,2026-01-17,2026-01-17,106,100,4908.94,5301.66,CO
100735,100735,50001,120,Y,2026-01-08,2026-01-08,107,100,3285.56,3548.40,CO
100736,100736,50001,128,Y,2026-01-20,2026-01-20,108,100,8471.25,9148.95,CO
100737,100737,50001,132,Y,2026-01-10,2026-01-10,106,100,6419.25,6932.79,CO
100738,100738,50001,120,Y,2026-01-09,2026-01-09,105,100,8059.50,8704.26,CO
100739,100739,50001,131,Y,2026-01-22,2026-01-22,108,100,9328.50,10074.78,CO
100740,100740,50001,134,Y,2026-01-28,2026-01-28,105,100,3264.47,3525.63,CO
100741,100741,50001,201,N,2026-01-04,2026-01-04,106,100,16646.58,16646.58,CO
100742,100742,50001,200,N,2026-01-15,2026-01-15,106,100,16646.58,16646.58,CO
100743,100743,50001,205,N,2026-01-27,2026-01-27,106,100,16646.59,16646.59,CO
100744,100744,50001,206,N,2026-01-31,2026-01-31,106,100,882.00,882.00,CO
100745,100745,50001,207,N,2026-01-31,2026-01-31,106,100,420.00,420.00,CO
100746,100746,50002,133,Y,2026-01-14,2026-01-14,108,100,2253.66,2433.95,CO
100747,100747,50002,120,Y,2026-01-15,2026-01-15,105,100,6814.13,7359.26,CO
100748,100748,50002,128,Y,2026-01-02,2026-01-02,105,100,7315.31,7900.53,CO
100749,100749,50002,132,Y,2026-01-04,2026-01-04,105,100,3358.97,3627.69,CO
100750,100750,50002,133,Y,2026-01-02,2026-01-02,106,100,4406.06,4758.54,CO
100751,100751,50002,130,Y,2026-01-02,2026-01-02,105,100,2898.28,3130.14,CO
100752,100752,50002,120,Y,2026-01-07,2026-01-07,105,100,9499.78,10259.76,CO
100753,100753,50002,131,Y,2026-01-29,2026-01-29,107,100,4653.28,5025.54,CO
100754,100754,50002,127,Y,2026-01-20,2026-01-20,105,100,7667.16,8280.53,CO
100755,100755,50002,129,Y,2026-01-29,2026-01-29,108,100,3186.84,3441.79,CO
100756,100756,50002,124,Y,2026-01-12,2026-01-12,108,100,4471.88,4829.63,CO
100757,100757,50002,129,Y,2026-01-10,2026-01-10,107,100,5014.41,5415.56,CO
100758,100758,50002,131,Y,2026-01-20,2026-01-20,107,100,8829.84,9536.23,CO
100759,100759,50002,201,N,2026-01-25,2026-01-25,106,100,11396.58,11396.58,CO
100760,100760,50002,201,N,2026-01-23,2026-01-23,106,100,11396.58,11396.58,CO
100761,100761,50002,201,N,2026-01-26,2026-01-26,106,100,11396.58,11396.58,CO
100762,100762,50002,206,N,2026-01-31,2026-01-31,106,100,1080.00,1080.00,CO
100763,100763,50002,207,N,2026-01-31,2026-01-31,106,100,364.00,364.00,CO
100764,100764,12,123,Y,2026-02-05,2026-02-05,107,100,8918.24,9631.70,CO
100765,100765,12,127,Y,2026-02-24,2026-02-24,106,100,2466.23,2663.53,CO
100766,100766,12,133,Y,2026-02-14,2026-02-14,108,100,4145.97,4477.65,CO
100767,100767,12,131,Y,2026-02-22,2026-02-22,108,100,8813.15,9518.20,CO
100768,100768,12,132,Y,2026-02-07,2026-02-07,106,100,4016.30,4337.60,CO
100769,100769,12,123,Y,2026-02-08,2026-02-08,105,100,4234.96,4573.76,CO
100770,100770,12,124,Y,2026-02-21,2026-02-21,105,100,3572.21,3857.99,CO
100771,100771,12,127,Y,2026-02-06,2026-02-06,107,100,9743.71,10523.21,CO
100772,100772,12,126,Y,2026-02-21,2026-02-21,108,100,7411.39,8004.30,CO
100773,100773,12,128,Y,2026-02-25,2026-02-25,105,100,3398.48,3670.36,CO
100774,100774,12,123,Y,2026-02-25,2026-02-25,105,100,7919.89,8553.48,CO
100775,100775,12,129,Y,2026-02-02,2026-02-02,108,100,8591.11,9278.40,CO
100776,100776,12,127,Y,2026-02-12,2026-02-12,108,100,4873.13,5262.98,CO
100777,100777,12,123,Y,2026-02-08,2026-02-08,108,100,2374.70,2564.68,CO
100778,100778,12,120,Y,2026-02-09,2026-02-09,107,100,2056.88,2221.43,CO
100779,100779,12,120,Y,2026-02-02,2026-02-02,106,100,3628.15,3918.40,CO
100780,100780,12,201,N,2026-02-26,2026-02-26,106,100,14590.06,14590.06,CO
100781,100781,12,202,N,2026-02-20,2026-02-20,106,100,14590.06,14590.06,CO
100782,100782,12,200,N,2026-02-13,2026-02-13,106,100,14590.06,14590.06,CO
100783,100783,12,206,N,2026-02-28,2026-02-28,106,100,1062.00,1062.00,CO
100784,100784,12,207,N,2026-02-28,2026-02-28,106,100,367.50,367.50,CO
100785,100785,50001,125,Y,2026-02-04,2026-02-04,108,100,1908.57,2061.26,CO
100786,100786,50001,121,Y,2026-02-15,2026-02-15,108,100,7602.08,8210.25,CO
100787,100787,50001,133,Y,2026-02-11,2026-02-11,106,100,8180.92,8835.39,CO
100788,100788,50001,126,Y,2026-02-23,2026-02-23,107,100,6207.94,6704.58,CO
100789,100789,50001,120,Y,2026-02-05,2026-02-05,106,100,4156.14,4488.63,CO
100790,100790,50001,125,Y,2026-02-04,2026-02-04,107,100,5252.81,5673.03,CO
100791,100791,50001,127,Y,2026-02-28,2026-02-28,106,100,8652.98,9345.22,CO
100792,100792,50001,133,Y,2026-02-18,2026-02-18,108,100,6427.44,6941.64,CO
100793,100793,50001,130,Y,2026-02-17,2026-02-17,108,100,3542.55,3825.95,CO
100794,100794,50001,130,Y,2026-02-21,2026-02-21,107,100,7361.39,7950.30,CO
100795,100795,50001,129,Y,2026-02-21,2026-02-21,107,100,4551.08,4915.17,CO
100796,100796,50001,123,Y,2026-02-15,2026-02-15,107,100,4771.43,5153.14,CO
100797,100797,50001,125,Y,2026-02-04,2026-02-04,107,100,1863.65,2012.74,CO
100798,100798,50001,120,Y,2026-02-07,2026-02-07,105,100,3403.56,3675.84,CO
100799,100799,50001,133,Y,2026-02-16,2026-02-16,106,100,3577.30,3863.48,CO
100800,100800,50001,124,Y,2026-02-21,2026-02-21,105,100,1572.11,1697.88,CO
100801,100801,50001,200,N,2026-02-02,2026-02-02,106,100,13717.52,13717.52,CO
100802,100802,50001,200,N,2026-02-19,2026-02-19,106,100,13717.52,13717.52,CO
100803,100803,50001,202,N,2026-02-11,2026-02-11,106,100,13717.53,13717.53,CO
100804,100804,50001,206,N,2026-02-28,2026-02-28,106,100,936.00,936.00,CO
100805,100805,50001,207,N,2026-02-28,2026-02-28,106,100,315.00,315.00,CO
100806,100806,50002,129,Y,2026-02-02,2026-02-02,107,100,6068.10,6553.55,CO
100807,100807,50002,125,Y,2026-02-27,2026-02-27,108,100,1489.91,1609.10,CO
100808,100808,50002,127,Y,2026-02-23,2026-02-23,106,100,3042.53,3285.93,CO
100809,100809,50002,129,Y,2026-02-25,2026-02-25,107,100,9335.21,10082.03,CO
100810,100810,50002,128,Y,2026-02-01,2026-02-01,106,100,1431.43,1545.94,CO
100811,100811,50002,127,Y,2026-02-27,2026-02-27,106,100,8919.94,9633.54,CO
100812,100812,50002,121,Y,2026-02-23,2026-02-23,108,100,4934.99,5329.79,CO
100813,100813,50002,131,Y,2026-02-10,2026-02-10,105,100,2787.43,3010.42,CO
100814,100814,50002,131,Y,2026-02-05,2026-02-05,108,100,7997.01,8636.77,CO
100815,100815,50002,131,Y,2026-02-10,2026-02-10,105,100,9308.09,10052.74,CO
100816,100816,50002,134,Y,2026-02-28,2026-02-28,108,100,3628.15,3918.40,CO
100817,100817,50002,130,Y,2026-02-26,2026-02-26,106,100,9062.32,9787.31,CO
100818,100818,50002,121,Y,2026-02-27,2026-02-27,106,100,5850.29,6318.31,CO
100819,100819,50002,122,Y,2026-02-14,2026-02-14,107,100,4429.88,4784.27,CO
100820,100820,50002,120,Y,2026-02-17,2026-02-17,107,100,4923.98,5317.90,CO
100821,100821,50002,126,Y,2026-02-19,2026-02-19,107,100,3559.50,3844.26,CO
100822,100822,50002,132,Y,2026-02-25,2026-02-25,107,100,6542.70,7066.12,CO
100823,100823,50002,205,N,2026-02-22,2026-02-22,106,100,16298.01,16298.01,CO
100824,100824,50002,205,N,2026-02-13,2026-02-13,106,100,16298.01,16298.01,CO
100825,100825,50002,205,N,2026-02-26,2026-02-26,106,100,16298.02,16298.02,CO
100826,100826,50002,206,N,2026-02-28,2026-02-28,106,100,801.00,801.00,CO
100827,100827,50002,207,N,2026-02-28,2026-02-28,106,100,308.00,308.00,CO
100828,100828,12,132,Y,2026-03-05,2026-03-05,107,100,9725.82,10503.89,CO
100829,100829,12,129,Y,2026-03-06,2026-03-06,107,100,9457.96,10214.60,CO
100830,100830,12,126,Y,2026-03-21,2026-03-21,106,100,7910.95,8543.83,CO
100831,100831,12,130,Y,2026-03-17,2026-03-17,105,100,12793.72,13817.22,CO
100832,100832,12,123,Y,2026-03-06,2026-03-06,107,100,8812.14,9517.11,CO
100833,100833,12,120,Y,2026-03-15,2026-03-15,105,100,10035.67,10838.52,CO
100834,100834,12,130,Y,2026-03-29,2026-03-29,106,100,11956.09,12912.58,CO
100835,100835,12,124,Y,2026-03-27,2026-03-27,105,100,8374.03,9043.95,CO
100836,100836,12,131,Y,2026-03-01,2026-03-01,108,100,3667.19,3960.57,CO
100837,100837,12,133,Y,2026-03-29,2026-03-29,106,100,3032.72,3275.34,CO
100838,100838,12,124,Y,2026-03-02,2026-03-02,105,100,2449.33,2645.28,CO
100839,100839,12,121,Y,2026-03-22,2026-03-22,106,100,12755.13,13775.54,CO
100840,100840,12,127,Y,2026-03-17,2026-03-17,105,100,8652.11,9344.28,CO
100841,100841,12,125,Y,2026-03-15,2026-03-15,107,100,1907.94,2060.58,CO
100842,100842,12,124,Y,2026-03-21,2026-03-21,106,100,9107.24,9835.82,CO
100843,100843,12,121,Y,2026-03-16,2026-03-16,108,100,12007.17,12967.74,CO
100844,100844,12,201,N,2026-03-28,2026-03-28,106,100,21311.88,21311.88,CO
100845,100845,12,204,N,2026-03-28,2026-03-28,106,100,21311.88,21311.88,CO
100846,100846,12,204,N,2026-03-11,2026-03-11,106,100,21311.88,21311.88,CO
100847,100847,12,206,N,2026-03-31,2026-03-31,106,100,1053.00,1053.00,CO
100848,100848,12,207,N,2026-03-31,2026-03-31,106,100,304.50,304.50,CO
100849,100849,50001,122,Y,2026-03-15,2026-03-15,108,100,10451.08,11287.17,CO
100850,100850,50001,131,Y,2026-03-12,2026-03-12,107,100,12680.22,13694.64,CO
100851,100851,50001,128,Y,2026-03-06,2026-03-06,106,100,10025.46,10827.50,CO
100852,100852,50001,127,Y,2026-03-09,2026-03-09,105,100,4597.89,4965.72,CO
100853,100853,50001,126,Y,2026-03-22,2026-03-22,108,100,3686.48,3981.40,CO
100854,100854,50001,131,Y,2026-03-23,2026-03-23,108,100,10923.24,11797.10,CO
100855,100855,50001,124,Y,2026-03-26,2026-03-26,108,100,7985.86,8624.73,CO
100856,100856,50001,130,Y,2026-03-31,2026-03-31,106,100,11290.98,12194.26,CO
100857,100857,50001,130,Y,2026-03-11,2026-03-11,105,100,8624.87,9314.86,CO
100858,100858,50001,133,Y,2026-03-15,2026-03-15,107,100,11530.47,12452.91,CO
100859,100859,50001,128,Y,2026-03-09,2026-03-09,108,100,9723.55,10501.43,CO
100860,100860,50001,127,Y,2026-03-08,2026-03-08,107,100,12203.52,13179.80,CO
100861,100861,50001,125,Y,2026-03-15,2026-03-15,106,100,8324.09,8990.02,CO
100862,100862,50001,120,Y,2026-03-27,2026-03-27,105,100,8653.24,9345.50,CO
100863,100863,50001,201,N,2026-03-23,2026-03-23,106,100,23174.12,23174.12,CO
100864,100864,50001,201,N,2026-03-30,2026-03-30,106,100,23174.12,23174.12,CO
100865,100865,50001,204,N,2026-03-08,2026-03-08,106,100,23174.12,23174.12,CO
100866,100866,50001,206,N,2026-03-31,2026-03-31,106,100,972.00,972.00,CO
100867,100867,50001,207,N,2026-03-31,2026-03-31,106,100,346.50,346.50,CO
100868,100868,50002,124,Y,2026-03-14,2026-03-14,108,100,2588.94,2796.06,CO
100869,100869,50002,129,Y,2026-03-07,2026-03-07,106,100,9378.51,10128.79,CO
100870,100870,50002,129,Y,2026-03-14,2026-03-14,108,100,2004.41,2164.76,CO
100871,100871,50002,131,Y,2026-03-16,2026-03-16,108,100,5984.86,6463.65,CO
100872,100872,50002,134,Y,2026-03-11,2026-03-11,107,100,5437.79,5872.81,CO
100873,100873,50002,128,Y,2026-03-27,2026-03-27,106,100,4780.62,5163.07,CO
100874,100874,50002,132,Y,2026-03-10,2026-03-10,106,100,4980.38,5378.81,CO
100875,100875,50002,121,Y,2026-03-01,2026-03-01,107,100,6761.20,7302.10,CO
100876,100876,50002,130,Y,2026-03-07,2026-03-07,105,100,8434.19,9108.93,CO
100877,100877,50002,134,Y,2026-03-09,2026-03-09,107,100,5082.53,5489.13,CO
100878,100878,50002,130,Y,2026-03-22,2026-03-22,107,100,3586.60,3873.53,CO
100879,100879,50002,123,Y,2026-03-05,2026-03-05,105,100,4389.05,4740.17,CO
100880,100880,50002,128,Y,2026-03-10,2026-03-10,106,100,8460.29,9137.11,CO
100881,100881,50002,128,Y,2026-03-18,2026-03-18,107,100,10093.56,10901.04,CO
100882,100882,50002,128,Y,2026-03-09,2026-03-09,106,100,8084.61,8731.38,CO
100883,100883,50002,133,Y,2026-03-04,2026-03-04,108,100,3967.96,4285.40,CO
100884,100884,50002,200,N,2026-03-12,2026-03-12,106,100,16237.73,16237.73,CO
100885,100885,50002,204,N,2026-03-21,2026-03-21,106,100,16237.73,16237.73,CO
100886,100886,50002,204,N,2026-03-24,2026-03-24,106,100,16237.72,16237.72,CO
100887,100887,50002,206,N,2026-03-31,2026-03-31,106,100,1026.00,1026.00,CO
100888,100888,50002,207,N,2026-03-31,2026-03-31,106,100,297.50,297.50,CO
100889,100889,12,132,Y,2026-04-20,2026-04-20,107,100,14035.68,15158.53,CO
100890,100890,12,123,Y,2026-04-13,2026-04-13,107,100,4098.36,4426.23,CO
100891,100891,12,124,Y,2026-04-25,2026-04-25,106,100,4213.78,4550.88,CO
100892,100892,12,122,Y,2026-04-12,2026-04-12,105,100,14178.81,15313.11,CO
100893,100893,12,130,Y,2026-04-20,2026-04-20,107,100,15757.82,17018.45,CO
100894,100894,12,131,Y,2026-04-26,2026-04-26,105,100,17463.03,18860.07,CO
100895,100895,12,120,Y,2026-04-28,2026-04-28,107,100,7313.33,7898.40,CO
100896,100896,12,120,Y,2026-04-28,2026-04-28,105,100,4010.63,4331.48,CO
100897,100897,12,132,Y,2026-04-09,2026-04-09,105,100,17884.72,19315.50,CO
100898,100898,12,124,Y,2026-04-01,2026-04-01,105,100,13033.79,14076.49,CO
100899,100899,12,121,Y,2026-04-22,2026-04-22,108,100,7116.34,7685.65,CO
100900,100900,12,121,Y,2026-04-22,2026-04-22,108,100,7813.50,8438.58,CO
100901,100901,12,130,Y,2026-04-19,2026-04-19,105,100,3021.06,3262.74,CO
100902,100902,12,123,Y,2026-04-01,2026-04-01,108,100,5791.26,6254.56,CO
100903,100903,12,134,Y,2026-04-21,2026-04-21,108,100,17013.65,18374.74,CO
100904,100904,12,120,Y,2026-04-25,2026-04-25,108,100,9564.89,10330.08,CO
100905,100905,12,127,Y,2026-04-25,2026-04-25,106,100,3385.80,3656.66,CO
100906,100906,12,203,N,2026-04-20,2026-04-20,106,100,30070.39,30070.39,CO
100907,100907,12,205,N,2026-04-20,2026-04-20,106,100,30070.39,30070.39,CO
100908,100908,12,200,N,2026-04-07,2026-04-07,106,100,30070.40,30070.40,CO
100909,100909,12,206,N,2026-04-30,2026-04-30,106,100,828.00,828.00,CO
100910,100910,12,207,N,2026-04-30,2026-04-30,106,100,385.00,385.00,CO
100911,100911,50001,126,Y,2026-04-26,2026-04-26,106,100,3952.15,4268.32,CO
100912,100912,50001,126,Y,2026-04-26,2026-04-26,107,100,12721.37,13739.08,CO
100913,100913,50001,134,Y,2026-04-10,2026-04-10,107,100,15671.64,16925.37,CO
100914,100914,50001,124,Y,2026-04-03,2026-04-03,106,100,6100.60,6588.65,CO
100915,100915,50001,129,Y,2026-04-06,2026-04-06,108,100,15659.33,16912.08,CO
100916,100916,50001,125,Y,2026-04-09,2026-04-09,106,100,9198.60,9934.49,CO
100917,100917,50001,134,Y,2026-04-24,2026-04-24,107,100,12538.23,13541.29,CO
100918,100918,50001,132,Y,2026-04-24,2026-04-24,108,100,15108.36,16317.03,CO
100919,100919,50001,128,Y,2026-04-19,2026-04-19,106,100,17319.91,18705.50,CO
100920,100920,50001,120,Y,2026-04-12,2026-04-12,107,100,13740.19,14839.41,CO
100921,100921,50001,122,Y,2026-04-14,2026-04-14,108,100,7494.93,8094.52,CO
100922,100922,50001,124,Y,2026-04-16,2026-04-16,108,100,7434.91,8029.70,CO
100923,100923,50001,201,N,2026-04-06,2026-04-06,106,100,24304.06,24304.06,CO
100924,100924,50001,205,N,2026-04-26,2026-04-26,106,100,24304.06,24304.06,CO
100925,100925,50001,204,N,2026-04-28,2026-04-28,106,100,24304.05,24304.05,CO
100926,100926,50001,206,N,2026-04-30,2026-04-30,106,100,828.00,828.00,CO
100927,100927,50001,207,N,2026-04-30,2026-04-30,106,100,357.00,357.00,CO
100928,100928,50002,126,Y,2026-04-02,2026-04-02,106,100,5959.01,6435.73,CO
100929,100929,50002,126,Y,2026-04-24,2026-04-24,108,100,15770.13,17031.74,CO
100930,100930,50002,122,Y,2026-04-23,2026-04-23,105,100,16499.62,17819.59,CO
100931,100931,50002,123,Y,2026-04-23,2026-04-23,105,100,7936.62,8571.55,CO
100932,100932,50002,126,Y,2026-04-22,2026-04-22,107,100,16802.80,18147.02,CO
100933,100933,50002,121,Y,2026-04-28,2026-04-28,108,100,15380.77,16611.23,CO
100934,100934,50002,124,Y,2026-04-12,2026-04-12,105,100,18404.90,19877.29,CO
100935,100935,50002,121,Y,2026-04-26,2026-04-26,107,100,15032.95,16235.59,CO
100936,100936,50002,122,Y,2026-04-11,2026-04-11,105,100,9774.19,10556.13,CO
100937,100937,50002,126,Y,2026-04-02,2026-04-02,105,100,11887.24,12838.22,CO
100938,100938,50002,121,Y,2026-04-12,2026-04-12,108,100,2788.67,3011.76,CO
100939,100939,50002,122,Y,2026-04-29,2026-04-29,108,100,15231.48,16450.00,CO
100940,100940,50002,133,Y,2026-04-19,2026-04-19,108,100,11662.54,12595.54,CO
100941,100941,50002,132,Y,2026-04-16,2026-04-16,105,100,4035.26,4358.08,CO
100942,100942,50002,123,Y,2026-04-27,2026-04-27,107,100,14789.79,15972.97,CO
100943,100943,50002,128,Y,2026-04-12,2026-04-12,105,100,17610.78,19019.64,CO
100944,100944,50002,127,Y,2026-04-08,2026-04-08,106,100,16328.79,17635.09,CO
100945,100945,50002,201,N,2026-04-07,2026-04-07,106,100,37779.82,37779.82,CO
100946,100946,50002,204,N,2026-04-25,2026-04-25,106,100,37779.82,37779.82,CO
100947,100947,50002,204,N,2026-04-15,2026-04-15,106,100,37779.81,37779.81,CO
100948,100948,50002,206,N,2026-04-30,2026-04-30,106,100,837.00,837.00,CO
100949,100949,50002,207,N,2026-04-30,2026-04-30,106,100,399.00,399.00,CO
100950,100950,12,125,Y,2026-05-03,2026-05-03,108,100,6898.68,7450.57,CO
100951,100951,12,132,Y,2026-05-22,2026-05-22,106,100,3732.99,4031.63,CO
100952,100952,12,131,Y,2026-05-14,2026-05-14,108,100,18382.06,19852.62,CO
100953,100953,12,122,Y,2026-05-27,2026-05-27,108,100,4045.23,4368.85,CO
100954,100954,12,125,Y,2026-05-09,2026-05-09,107,100,4301.82,4645.97,CO
100955,100955,12,126,Y,2026-05-04,2026-05-04,105,100,8580.46,9266.90,CO
100956,100956,12,133,Y,2026-05-18,2026-05-18,107,100,10668.77,11522.27,CO
100957,100957,12,122,Y,2026-05-04,2026-05-04,108,100,3222.89,3480.72,CO
100958,100958,12,125,Y,2026-05-25,2026-05-25,107,100,15442.04,16677.40,CO
100959,100959,12,123,Y,2026-05-07,2026-05-07,105,100,12458.75,13455.45,CO
100960,100960,12,127,Y,2026-05-22,2026-05-22,107,100,9089.01,9816.13,CO
100961,100961,12,132,Y,2026-05-26,2026-05-26,107,100,12373.73,13363.63,CO
100962,100962,12,127,Y,2026-05-08,2026-05-08,106,100,6815.21,7360.43,CO
100963,100963,12,124,Y,2026-05-14,2026-05-14,108,100,17490.16,18889.37,CO
100964,100964,12,122,Y,2026-05-10,2026-05-10,107,100,10234.41,11053.16,CO
100965,100965,12,205,N,2026-05-28,2026-05-28,106,100,23737.75,23737.75,CO
100966,100966,12,205,N,2026-05-07,2026-05-07,106,100,23737.75,23737.75,CO
100967,100967,12,202,N,2026-05-10,2026-05-10,106,100,23737.74,23737.74,CO
100968,100968,12,206,N,2026-05-31,2026-05-31,106,100,846.00,846.00,CO
100969,100969,12,207,N,2026-05-31,2026-05-31,106,100,325.50,325.50,CO
100970,100970,50001,124,Y,2026-05-15,2026-05-15,108,100,4100.87,4428.94,CO
100971,100971,50001,122,Y,2026-05-23,2026-05-23,106,100,16046.43,17330.14,CO
100972,100972,50001,125,Y,2026-05-13,2026-05-13,108,100,8211.02,8867.90,CO
100973,100973,50001,124,Y,2026-05-09,2026-05-09,108,100,3538.22,3821.28,CO
100974,100974,50001,125,Y,2026-05-17,2026-05-17,108,100,14244.09,15383.62,CO
100975,100975,50001,120,Y,2026-05-27,2026-05-27,106,100,15601.25,16849.35,CO
100976,100976,50001,130,Y,2026-05-20,2026-05-20,108,100,12873.01,13902.85,CO
100977,100977,50001,122,Y,2026-05-21,2026-05-21,108,100,9487.81,10246.83,CO
100978,100978,50001,122,Y,2026-05-14,2026-05-14,106,100,14078.69,15204.99,CO
100979,100979,50001,133,Y,2026-05-08,2026-05-08,107,100,4754.73,5135.11,CO
100980,100980,50001,123,Y,2026-05-26,2026-05-26,107,100,18289.31,19752.45,CO
100981,100981,50001,121,Y,2026-05-09,2026-05-09,107,100,6877.04,7427.20,CO
100982,100982,50001,201,N,2026-05-30,2026-05-30,106,100,21384.34,21384.34,CO
100983,100983,50001,205,N,2026-05-20,2026-05-20,106,100,21384.34,21384.34,CO
100984,100984,50001,200,N,2026-05-01,2026-05-01,106,100,21384.33,21384.33,CO
100985,100985,50001,206,N,2026-05-31,2026-05-31,106,100,765.00,765.00,CO
100986,100986,50001,207,N,2026-05-31,2026-05-31,106,100,336.00,336.00,CO
100987,100987,50002,128,Y,2026-05-22,2026-05-22,106,100,9235.86,9974.73,CO
100988,100988,50002,122,Y,2026-05-21,2026-05-21,108,100,5795.02,6258.62,CO
100989,100989,50002,122,Y,2026-05-10,2026-05-10,108,100,17531.90,18934.45,CO
100990,100990,50002,131,Y,2026-05-25,2026-05-25,105,100,8620.65,9310.30,CO
100991,100991,50002,120,Y,2026-05-18,2026-05-18,105,100,4504.32,4864.67,CO
100992,100992,50002,120,Y,2026-05-12,2026-05-12,108,100,15122.07,16331.84,CO
100993,100993,50002,132,Y,2026-05-29,2026-05-29,105,100,9323.96,10069.88,CO
100994,100994,50002,129,Y,2026-05-03,2026-05-03,106,100,2660.24,2873.06,CO
100995,100995,50002,133,Y,2026-05-07,2026-05-07,106,100,6671.46,7205.18,CO
100996,100996,50002,124,Y,2026-05-04,2026-05-04,107,100,3596.96,3884.72,CO
100997,100997,50002,120,Y,2026-05-11,2026-05-11,108,100,5260.19,5681.01,CO
100998,100998,50002,124,Y,2026-05-08,2026-05-08,107,100,13652.06,14744.22,CO
100999,100999,50002,123,Y,2026-05-14,2026-05-14,106,100,3170.33,3423.96,CO
101000,101000,50002,122,Y,2026-05-24,2026-05-24,108,100,14655.26,15827.68,CO
101001,101001,50002,125,Y,2026-05-06,2026-05-06,108,100,12675.15,13689.16,CO
101002,101002,50002,121,Y,2026-05-13,2026-05-13,107,100,9158.57,9891.26,CO
101003,101003,50002,124,Y,2026-05-24,2026-05-24,107,100,9229.67,9968.04,CO
101004,101004,50002,127,Y,2026-05-30,2026-05-30,108,100,4351.29,4699.39,CO
101005,101005,50002,201,N,2026-05-17,2026-05-17,106,100,26214.56,26214.56,CO
101006,101006,50002,203,N,2026-05-20,2026-05-20,106,100,26214.56,26214.56,CO
101007,101007,50002,200,N,2026-05-14,2026-05-14,106,100,26214.57,26214.57,CO
101008,101008,50002,206,N,2026-05-31,2026-05-31,106,100,990.00,990.00,CO
101009,101009,50002,207,N,2026-05-31,2026-05-31,106,100,304.50,304.50,CO
101010,101010,12,122,Y,2026-06-01,2026-06-01,106,100,6137.03,6627.99,CO
101011,101011,12,126,Y,2026-06-14,2026-06-14,105,100,3250.94,3511.02,CO
101012,101012,12,129,Y,2026-06-22,2026-06-22,106,100,11474.53,12392.49,CO
101013,101013,12,126,Y,2026-06-25,2026-06-25,106,100,13916.61,15029.94,CO
101014,101014,12,132,Y,2026-06-15,2026-06-15,105,100,2816.24,3041.54,CO
101015,101015,12,123,Y,2026-06-17,2026-06-17,105,100,8462.68,9139.69,CO
101016,101016,12,123,Y,2026-06-20,2026-06-20,107,100,10724.67,11582.64,CO
101017,101017,12,125,Y,2026-06-09,2026-06-09,108,100,2456.06,2652.54,CO
101018,101018,12,129,Y,2026-06-04,2026-06-04,108,100,9454.73,10211.11,CO
101019,101019,12,122,Y,2026-06-29,2026-06-29,105,100,4579.88,4946.27,CO
101020,101020,12,127,Y,2026-06-09,2026-06-09,105,100,15062.36,16267.35,CO
101021,101021,12,129,Y,2026-06-18,2026-06-18,108,100,11721.38,12659.09,CO
101022,101022,12,201,N,2026-06-23,2026-06-23,106,100,17097.91,17097.91,CO
101023,101023,12,205,N,2026-06-19,2026-06-19,106,100,17097.91,17097.91,CO
101024,101024,12,204,N,2026-06-13,2026-06-13,106,100,17097.92,17097.92,CO
101025,101025,12,206,N,2026-06-30,2026-06-30,106,100,1062.00,1062.00,CO
101026,101026,12,207,N,2026-06-30,2026-06-30,106,100,304.50,304.50,CO
101027,101027,50001,125,Y,2026-06-20,2026-06-20,107,100,14177.43,15311.62,CO
101028,101028,50001,126,Y,2026-06-08,2026-06-08,107,100,15868.10,17137.55,CO
101029,101029,50001,121,Y,2026-06-30,2026-06-30,107,100,10549.24,11393.18,CO
101030,101030,50001,134,Y,2026-06-12,2026-06-12,106,100,3578.51,3864.79,CO
101031,101031,50001,127,Y,2026-06-14,2026-06-14,106,100,11188.87,12083.98,CO
101032,101032,50001,133,Y,2026-06-03,2026-06-03,108,100,3463.63,3740.72,CO
101033,101033,50001,125,Y,2026-06-08,2026-06-08,108,100,10622.21,11471.99,CO
101034,101034,50001,123,Y,2026-06-26,2026-06-26,106,100,8409.89,9082.68,CO
101035,101035,50001,122,Y,2026-06-14,2026-06-14,106,100,4469.65,4827.22,CO
101036,101036,50001,131,Y,2026-06-20,2026-06-20,105,100,4449.47,4805.43,CO
101037,101037,50001,133,Y,2026-06-09,2026-06-09,106,100,8633.45,9324.13,CO
101038,101038,50001,120,Y,2026-06-15,2026-06-15,108,100,14199.17,15335.10,CO
101039,101039,50001,126,Y,2026-06-28,2026-06-28,107,100,2931.12,3165.61,CO
101040,101040,50001,133,Y,2026-06-25,2026-06-25,106,100,11145.40,12037.03,CO
101041,101041,50001,129,Y,2026-06-26,2026-06-26,106,100,13870.04,14979.64,CO
101042,101042,50001,131,Y,2026-06-21,2026-06-21,107,100,3555.23,3839.65,CO
101043,101043,50001,200,N,2026-06-27,2026-06-27,106,100,23875.81,23875.81,CO
101044,101044,50001,205,N,2026-06-23,2026-06-23,106,100,23875.81,23875.81,CO
101045,101045,50001,203,N,2026-06-27,2026-06-27,106,100,23875.81,23875.81,CO
101046,101046,50001,206,N,2026-06-30,2026-06-30,106,100,1035.00,1035.00,CO
101047,101047,50001,207,N,2026-06-30,2026-06-30,106,100,339.50,339.50,CO
101048,101048,50002,122,Y,2026-06-14,2026-06-14,107,100,13811.04,14915.92,CO
101049,101049,50002,129,Y,2026-06-07,2026-06-07,108,100,16442.53,17757.93,CO
101050,101050,50002,131,Y,2026-06-12,2026-06-12,106,100,16220.52,17518.16,CO
101051,101051,50002,133,Y,2026-06-05,2026-06-05,107,100,8220.49,8878.13,CO
101052,101052,50002,132,Y,2026-06-13,2026-06-13,106,100,16614.86,17944.05,CO
101053,101053,50002,126,Y,2026-06-30,2026-06-30,105,100,12440.18,13435.39,CO
101054,101054,50002,133,Y,2026-06-30,2026-06-30,108,100,16942.43,18297.82,CO
101055,101055,50002,130,Y,2026-06-24,2026-06-24,105,100,11701.19,12637.29,CO
101056,101056,50002,126,Y,2026-06-12,2026-06-12,108,100,2617.52,2826.92,CO
101057,101057,50002,128,Y,2026-06-25,2026-06-25,107,100,14740.99,15920.27,CO
101058,101058,50002,128,Y,2026-06-13,2026-06-13,107,100,10569.42,11414.97,CO
101059,101059,50002,123,Y,2026-06-11,2026-06-11,106,100,11108.14,11996.79,CO
101060,101060,50002,204,N,2026-06-20,2026-06-20,106,100,26355.50,26355.50,CO
101061,101061,50002,205,N,2026-06-22,2026-06-22,106,100,26355.50,26355.50,CO
101062,101062,50002,204,N,2026-06-10,2026-06-10,106,100,26355.49,26355.49,CO
101063,101063,50002,206,N,2026-06-30,2026-06-30,106,100,783.00,783.00,CO
101064,101064,50002,207,N,2026-06-30,2026-06-30,106,100,329.00,329.00,CO
101065,101065,12,122,Y,2026-07-28,2026-07-28,106,100,9851.00,10639.08,CO
101066,101066,12,129,Y,2026-07-07,2026-07-07,108,100,3201.66,3457.79,CO
101067,101067,12,125,Y,2026-07-26,2026-07-26,107,100,9004.38,9724.73,CO
101068,101068,12,126,Y,2026-07-05,2026-07-05,108,100,10021.94,10823.70,CO
101069,101069,12,121,Y,2026-07-22,2026-07-22,107,100,6252.02,6752.18,CO
101070,101070,12,130,Y,2026-07-24,2026-07-24,107,100,13245.54,14305.18,CO
101071,101071,12,130,Y,2026-07-16,2026-07-16,106,100,4975.74,5373.80,CO
101072,101072,12,120,Y,2026-07-13,2026-07-13,106,100,13438.43,14513.50,CO
101073,101073,12,133,Y,2026-07-12,2026-07-12,107,100,2342.34,2529.73,CO
101074,101074,12,131,Y,2026-07-16,2026-07-16,108,100,12379.29,13369.63,CO
101075,101075,12,131,Y,2026-07-08,2026-07-08,105,100,6692.07,7227.44,CO
101076,101076,12,125,Y,2026-07-30,2026-07-30,108,100,6007.16,6487.73,CO
101077,101077,12,203,N,2026-07-18,2026-07-18,106,100,17502.78,17502.78,CO
101078,101078,12,202,N,2026-07-10,2026-07-10,106,100,17502.78,17502.78,CO
101079,101079,12,200,N,2026-07-29,2026-07-29,106,100,17502.78,17502.78,CO
101080,101080,12,206,N,2026-07-31,2026-07-31,106,100,954.00,954.00,CO
101081,101081,12,207,N,2026-07-31,2026-07-31,106,100,297.50,297.50,CO
101082,101082,50001,129,Y,2026-07-04,2026-07-04,108,100,12375.83,13365.90,CO
101083,101083,50001,125,Y,2026-07-03,2026-07-03,108,100,13689.06,14784.18,CO
101084,101084,50001,123,Y,2026-07-06,2026-07-06,108,100,3331.02,3597.50,CO
101085,101085,50001,129,Y,2026-07-23,2026-07-23,106,100,10908.98,11781.70,CO
101086,101086,50001,128,Y,2026-07-15,2026-07-15,108,100,6948.48,7504.36,CO
101087,101087,50001,121,Y,2026-07-17,2026-07-17,108,100,10735.73,11594.59,CO
101088,101088,50001,120,Y,2026-07-30,2026-07-30,108,100,5314.16,5739.29,CO
101089,101089,50001,125,Y,2026-07-01,2026-07-01,106,100,13419.95,14493.55,CO
101090,101090,50001,123,Y,2026-07-11,2026-07-11,106,100,9693.92,10469.43,CO
101091,101091,50001,120,Y,2026-07-13,2026-07-13,106,100,11647.02,12578.78,CO
101092,101092,50001,130,Y,2026-07-27,2026-07-27,105,100,6824.90,7370.89,CO
101093,101093,50001,123,Y,2026-07-19,2026-07-19,107,100,6249.71,6749.69,CO
101094,101094,50001,134,Y,2026-07-25,2026-07-25,106,100,5602.91,6051.14,CO
101095,101095,50001,122,Y,2026-07-13,2026-07-13,105,100,12475.16,13473.17,CO
101096,101096,50001,134,Y,2026-07-28,2026-07-28,105,100,8116.19,8765.49,CO
101097,101097,50001,121,Y,2026-07-01,2026-07-01,108,100,7939.47,8574.63,CO
101098,101098,50001,204,N,2026-07-07,2026-07-07,106,100,24893.30,24893.30,CO
101099,101099,50001,204,N,2026-07-31,2026-07-31,106,100,24893.30,24893.30,CO
101100,101100,50001,203,N,2026-07-28,2026-07-28,106,100,24893.29,24893.29,CO
101101,101101,50001,206,N,2026-07-31,2026-07-31,106,100,1071.00,1071.00,CO
101102,101102,50001,207,N,2026-07-31,2026-07-31,106,100,388.50,388.50,CO
101103,101103,50002,131,Y,2026-07-06,2026-07-06,108,100,3471.93,3749.68,CO
101104,101104,50002,121,Y,2026-07-15,2026-07-15,107,100,10914.75,11787.93,CO
101105,101105,50002,131,Y,2026-07-21,2026-07-21,108,100,8126.58,8776.71,CO
101106,101106,50002,125,Y,2026-07-10,2026-07-10,106,100,7380.45,7970.89,CO
101107,101107,50002,126,Y,2026-07-20,2026-07-20,107,100,10056.59,10861.12,CO
101108,101108,50002,127,Y,2026-07-28,2026-07-28,108,100,3093.09,3340.54,CO
101109,101109,50002,126,Y,2026-07-05,2026-07-05,108,100,5368.44,5797.92,CO
101110,101110,50002,123,Y,2026-07-02,2026-07-02,105,100,7574.49,8180.45,CO
101111,101111,50002,128,Y,2026-07-11,2026-07-11,107,100,4767.84,5149.27,CO
101112,101112,50002,126,Y,2026-07-19,2026-07-19,108,100,3169.32,3422.87,CO
101113,101113,50002,127,Y,2026-07-15,2026-07-15,107,100,4804.80,5189.18,CO
101114,101114,50002,121,Y,2026-07-24,2026-07-24,108,100,7523.67,8125.56,CO
101115,101115,50002,126,Y,2026-07-01,2026-07-01,107,100,11452.98,12369.22,CO
101116,101116,50002,134,Y,2026-07-30,2026-07-30,105,100,5117.81,5527.23,CO
101117,101117,50002,203,N,2026-07-05,2026-07-05,106,100,17195.58,17195.58,CO
101118,101118,50002,204,N,2026-07-14,2026-07-14,106,100,17195.58,17195.58,CO
101119,101119,50002,202,N,2026-07-12,2026-07-12,106,100,17195.58,17195.58,CO
101120,101120,50002,206,N,2026-07-31,2026-07-31,106,100,1008.00,1008.00,CO
101121,101121,50002,207,N,2026-07-31,2026-07-31,106,100,406.00,406.00,CO
101122,101122,12,121,Y,2026-08-13,2026-08-13,108,100,9892.48,10683.88,CO
101123,101123,12,120,Y,2026-08-15,2026-08-15,108,100,13903.76,15016.06,CO
101124,101124,12,129,Y,2026-08-17,2026-08-17,106,100,12199.72,13175.70,CO
101125,101125,12,130,Y,2026-08-09,2026-08-09,108,100,8435.52,9110.36,CO
101126,101126,12,126,Y,2026-08-14,2026-08-14,106,100,2375.68,2565.73,CO
101127,101127,12,122,Y,2026-08-28,2026-08-28,106,100,10898.20,11770.06,CO
101128,101128,12,120,Y,2026-08-29,2026-08-29,105,100,7410.08,8002.89,CO
101129,101129,12,125,Y,2026-08-08,2026-08-08,108,100,7224.48,7802.44,CO
101130,101130,12,129,Y,2026-08-08,2026-08-08,108,100,10226.56,11044.68,CO
101131,101131,12,132,Y,2026-08-18,2026-08-18,107,100,2944.08,3179.61,CO
101132,101132,12,122,Y,2026-08-31,2026-08-31,105,100,2294.48,2478.04,CO
101133,101133,12,130,Y,2026-08-18,2026-08-18,107,100,3227.12,3485.29,CO
101134,101134,12,125,Y,2026-08-02,2026-08-02,106,100,2206.32,2382.83,CO
101135,101135,12,122,Y,2026-08-06,2026-08-06,108,100,4485.72,4844.58,CO
101136,101136,12,125,Y,2026-08-01,2026-08-01,107,100,8396.08,9067.77,CO
101137,101137,12,121,Y,2026-08-26,2026-08-26,107,100,8223.24,8881.10,CO
101138,101138,12,121,Y,2026-08-17,2026-08-17,106,100,6183.96,6678.68,CO
101139,101139,12,129,Y,2026-08-20,2026-08-20,108,100,6000.68,6480.73,CO
101140,101140,12,204,N,2026-08-11,2026-08-11,106,100,23359.51,23359.51,CO
101141,101141,12,202,N,2026-08-29,2026-08-29,106,100,23359.51,23359.51,CO
101142,101142,12,201,N,2026-08-11,2026-08-11,106,100,23359.52,23359.52,CO
101143,101143,12,206,N,2026-08-31,2026-08-31,106,100,900.00,900.00,CO
101144,101144,12,207,N,2026-08-31,2026-08-31,106,100,336.00,336.00,CO
101145,101145,50001,130,Y,2026-08-16,2026-08-16,105,100,12708.96,13725.68,CO
101146,101146,50001,132,Y,2026-08-21,2026-08-21,106,100,8818.32,9523.79,CO
101147,101147,50001,127,Y,2026-08-29,2026-08-29,105,100,13053.48,14097.76,CO
101148,101148,50001,131,Y,2026-08-31,2026-08-31,108,100,5232.76,5651.38,CO
101149,101149,50001,126,Y,2026-08-17,2026-08-17,107,100,3198.12,3453.97,CO
101150,101150,50001,132,Y,2026-08-15,2026-08-15,107,100,5268.72,5690.22,CO
101151,101151,50001,120,Y,2026-08-25,2026-08-25,105,100,12209.00,13185.72,CO
101152,101152,50001,132,Y,2026-08-14,2026-08-14,108,100,2577.52,2783.72,CO
101153,101153,50001,122,Y,2026-08-29,2026-08-29,108,100,8832.24,9538.82,CO
101154,101154,50001,123,Y,2026-08-09,2026-08-09,106,100,12776.24,13798.34,CO
101155,101155,50001,124,Y,2026-08-25,2026-08-25,107,100,2200.52,2376.56,CO
101156,101156,50001,124,Y,2026-08-21,2026-08-21,105,100,11605.80,12534.26,CO
101157,101157,50001,131,Y,2026-08-28,2026-08-28,107,100,10952.72,11828.94,CO
101158,101158,50001,204,N,2026-08-10,2026-08-10,106,100,19352.03,19352.03,CO
101159,101159,50001,203,N,2026-08-31,2026-08-31,106,100,19352.03,19352.03,CO
101160,101160,50001,202,N,2026-08-07,2026-08-07,106,100,19352.03,19352.03,CO
101161,101161,50001,206,N,2026-08-31,2026-08-31,106,100,1080.00,1080.00,CO
101162,101162,50001,207,N,2026-08-31,2026-08-31,106,100,371.00,371.00,CO
101163,101163,50002,133,Y,2026-08-29,2026-08-29,108,100,4140.04,4471.24,CO
101164,101164,50002,134,Y,2026-08-13,2026-08-13,108,100,12537.28,13540.26,CO
101165,101165,50002,123,Y,2026-08-26,2026-08-26,106,100,4868.52,5258.00,CO
101166,101166,50002,134,Y,2026-08-24,2026-08-24,106,100,2859.40,3088.15,CO
101167,101167,50002,129,Y,2026-08-20,2026-08-20,106,100,4356.96,4705.52,CO
101168,101168,50002,130,Y,2026-08-04,2026-08-04,107,100,2250.40,2430.43,CO
101169,101169,50002,131,Y,2026-08-25,2026-08-25,105,100,4121.48,4451.20,CO
101170,101170,50002,124,Y,2026-08-20,2026-08-20,108,100,5816.24,6281.54,CO
101171,101171,50002,124,Y,2026-08-06,2026-08-06,106,100,5092.40,5499.79,CO
101172,101172,50002,132,Y,2026-08-19,2026-08-19,105,100,2245.76,2425.42,CO
101173,101173,50002,125,Y,2026-08-20,2026-08-20,106,100,3296.72,3560.46,CO
101174,101174,50002,131,Y,2026-08-19,2026-08-19,108,100,3683.00,3977.64,CO
101175,101175,50002,122,Y,2026-08-06,2026-08-06,105,100,6114.36,6603.51,CO
101176,101176,50002,129,Y,2026-08-30,2026-08-30,106,100,3872.08,4181.85,CO
101177,101177,50002,133,Y,2026-08-13,2026-08-13,106,100,13549.96,14633.96,CO
101178,101178,50002,204,N,2026-08-26,2026-08-26,106,100,14441.76,14441.76,CO
101179,101179,50002,201,N,2026-08-30,2026-08-30,106,100,14441.76,14441.76,CO
101180,101180,50002,204,N,2026-08-12,2026-08-12,106,100,14441.76,14441.76,CO
101181,101181,50002,206,N,2026-08-31,2026-08-31,106,100,792.00,792.00,CO
101182,101182,50002,207,N,2026-08-31,2026-08-31,106,100,308.00,308.00,CO
101183,101183,12,125,Y,2026-09-10,2026-09-10,108,100,9663.68,10436.77,CO
101184,101184,12,131,Y,2026-09-26,2026-09-26,106,100,8939.05,9654.17,CO
101185,101185,12,128,Y,2026-09-15,2026-09-15,108,100,8634.98,9325.78,CO
101186,101186,12,134,Y,2026-09-03,2026-09-03,108,100,8392.66,9064.07,CO
101187,101187,12,126,Y,2026-09-26,2026-09-26,105,100,2756.39,2976.90,CO
101188,101188,12,127,Y,2026-09-13,2026-09-13,106,100,6479.73,6998.11,CO
101189,101189,12,128,Y,2026-09-06,2026-09-06,108,100,6886.32,7437.23,CO
101190,101190,12,121,Y,2026-09-02,2026-09-02,106,100,5374.15,5804.08,CO
101191,101191,12,122,Y,2026-09-17,2026-09-17,105,100,11094.30,11981.84,CO
101192,101192,12,130,Y,2026-09-15,2026-09-15,108,100,10447.72,11283.54,CO
101193,101193,12,124,Y,2026-09-22,2026-09-22,105,100,1830.22,1976.64,CO
101194,101194,12,121,Y,2026-09-11,2026-09-11,107,100,7974.43,8612.38,CO
101195,101195,12,120,Y,2026-09-22,2026-09-22,107,100,6701.08,7237.17,CO
101196,101196,12,201,N,2026-09-26,2026-09-26,106,100,15831.38,15831.38,CO
101197,101197,12,203,N,2026-09-12,2026-09-12,106,100,15831.38,15831.38,CO
101198,101198,12,202,N,2026-09-06,2026-09-06,106,100,15831.39,15831.39,CO
101199,101199,12,206,N,2026-09-30,2026-09-30,106,100,873.00,873.00,CO
101200,101200,12,207,N,2026-09-30,2026-09-30,106,100,322.00,322.00,CO
101201,101201,50001,121,Y,2026-09-15,2026-09-15,107,100,10646.94,11498.70,CO
101202,101202,50001,120,Y,2026-09-08,2026-09-08,108,100,12597.15,13604.92,CO
101203,101203,50001,124,Y,2026-09-23,2026-09-23,106,100,1768.47,1909.95,CO
101204,101204,50001,128,Y,2026-09-28,2026-09-28,106,100,11317.98,12223.42,CO
101205,101205,50001,121,Y,2026-09-21,2026-09-21,106,100,9773.19,10555.05,CO
101206,101206,50001,123,Y,2026-09-16,2026-09-16,108,100,3878.29,4188.55,CO
101207,101207,50001,121,Y,2026-09-19,2026-09-19,108,100,6006.74,6487.28,CO
101208,101208,50001,120,Y,2026-09-30,2026-09-30,105,100,6158.19,6650.85,CO
101209,101209,50001,122,Y,2026-09-26,2026-09-26,106,100,11917.95,12871.39,CO
101210,101210,50001,132,Y,2026-09-14,2026-09-14,108,100,6409.83,6922.62,CO
101211,101211,50001,122,Y,2026-09-22,2026-09-22,106,100,2247.29,2427.07,CO
101212,101212,50001,126,Y,2026-09-03,2026-09-03,106,100,5736.46,6195.38,CO
101213,101213,50001,202,N,2026-09-20,2026-09-20,106,100,16234.06,16234.06,CO
101214,101214,50001,200,N,2026-09-02,2026-09-02,106,100,16234.06,16234.06,CO
101215,101215,50001,203,N,2026-09-26,2026-09-26,106,100,16234.06,16234.06,CO
101216,101216,50001,206,N,2026-09-30,2026-09-30,106,100,972.00,972.00,CO
101217,101217,50001,207,N,2026-09-30,2026-09-30,106,100,357.00,357.00,CO
101218,101218,50002,130,Y,2026-09-30,2026-09-30,105,100,10542.09,11385.46,CO
101219,101219,50002,133,Y,2026-09-25,2026-09-25,107,100,2486.11,2685.00,CO
101220,101220,50002,123,Y,2026-09-21,2026-09-21,106,100,10831.01,11697.49,CO
101221,101221,50002,123,Y,2026-09-28,2026-09-28,107,100,8881.96,9592.52,CO
101222,101222,50002,133,Y,2026-09-15,2026-09-15,106,100,10855.47,11723.91,CO
101223,101223,50002,122,Y,2026-09-25,2026-09-25,107,100,3943.53,4259.01,CO
101224,101224,50002,131,Y,2026-09-25,2026-09-25,106,100,3866.64,4175.97,CO
101225,101225,50002,120,Y,2026-09-21,2026-09-21,105,100,12109.01,13077.73,CO
101226,101226,50002,128,Y,2026-09-22,2026-09-22,107,100,11914.46,12867.62,CO
101227,101227,50002,125,Y,2026-09-29,2026-09-29,106,100,4290.70,4633.96,CO
101228,101228,50002,128,Y,2026-09-25,2026-09-25,105,100,4859.22,5247.96,CO
101229,101229,50002,125,Y,2026-09-23,2026-09-23,108,100,13774.96,14876.96,CO
101230,101230,50002,133,Y,2026-09-30,2026-09-30,108,100,11710.58,12647.43,CO
101231,101231,50002,203,N,2026-09-01,2026-09-01,106,100,19459.76,19459.76,CO
101232,101232,50002,205,N,2026-09-17,2026-09-17,106,100,19459.76,19459.76,CO
101233,101233,50002,200,N,2026-09-03,2026-09-03,106,100,19459.75,19459.75,CO
101234,101234,50002,206,N,2026-09-30,2026-09-30,106,100,1053.00,1053.00,CO
101235,101235,50002,207,N,2026-09-30,2026-09-30,106,100,413.00,413.00,CO
