c_payment_id,documentno,ad_org_id,c_bpartner_id,c_invoice_id,isreceipt,datetrx,payamt,docstatus
200001,200001,12,130,100001,Y,2025-02-20,5323.89,CO
200002,200002,12,120,100002,Y,2025-02-04,8777.08,CO
200003,200003,12,133,100003,Y,2025-02-06,7853.95,CO
200004,200004,12,134,100004,Y,2025-03-11,5518.44,CO
200005,200005,12,120,100005,Y,2025-02-26,1312.25,CO
200006,200006,12,131,100006,Y,2025-02-14,4806.96,CO
200007,200007,12,124,100007,Y,2025-03-15,3624.16,CO
200008,200008,12,130,100008,Y,2025-02-16,4763.01,CO
200009,200009,12,130,100009,Y,2025-02-16,5765.91,CO
200010,200010,12,129,100010,Y,2025-03-04,7031.76,CO
200011,200011,12,130,100011,Y,2025-01-16,8571.95,CO
200012,200012,12,124,100012,Y,2025-01-28,4860.69,CO
200013,200013,12,132,100013,Y,2025-01-27,2204.45,CO
200014,200014,12,120,100014,Y,2025-03-09,8068.05,CO
200015,200015,12,126,100015,Y,2025-03-10,2994.89,CO
200016,200016,12,205,100016,N,2025-02-19,13342.78,CO
200017,200017,12,202,100017,N,2025-02-23,13342.78,CO
200018,200018,12,200,100018,N,2025-03-06,13342.77,CO
200019,200019,12,206,100019,N,2025-02-16,828.00,CO
200020,200020,12,207,100020,N,2025-02-19,322.00,CO
200021,200021,50001,130,100021,Y,2025-01-25,6734.63,CO
200022,200022,50001,129,100022,Y,2025-02-07,6462.74,CO
200023,200023,50001,125,100023,Y,2025-02-02,2402.27,CO
200024,200024,50001,123,100024,Y,2025-01-22,4053.15,CO
200025,200025,50001,126,100025,Y,2025-03-15,8598.81,CO
200026,200026,50001,130,100026,Y,2025-02-14,3672.18,CO
200027,200027,50001,126,100027,Y,2025-02-17,2210.55,CO
200028,200028,50001,120,100028,Y,2025-03-26,6220.15,CO
200029,200029,50001,134,100029,Y,2025-03-09,8132.36,CO
200030,200030,50001,128,100030,Y,2025-03-21,2043.26,CO
200031,200031,50001,134,100031,Y,2025-03-22,3332.72,CO
200032,200032,50001,120,100032,Y,2025-04-10,1956.98,CO
200033,200033,50001,128,100033,Y,2025-02-17,6051.65,CO
200034,200034,50001,122,100034,Y,2025-02-21,7948.39,CO
200035,200035,50001,123,100035,Y,2025-01-13,9729.53,CO
200036,200036,50001,202,100037,N,2025-01-29,14104.33,CO
200037,200037,50001,203,100038,N,2025-02-19,14104.33,CO
200038,200038,50001,201,100039,N,2025-02-13,14104.33,CO
200039,200039,50001,206,100040,N,2025-02-27,774.00,CO
200040,200040,50001,207,100041,N,2025-02-20,374.50,CO
200041,200041,50002,130,100042,Y,2025-04-04,3194.33,CO
200042,200042,50002,122,100043,Y,2025-02-15,3147.12,CO
200043,200043,50002,123,100044,Y,2025-03-15,6789.18,CO
200044,200044,50002,131,100045,Y,2025-01-10,2590.30,CO
200045,200045,50002,124,100046,Y,2025-03-24,4162.23,CO
200046,200046,50002,133,100047,Y,2025-04-02,8502.75,CO
200047,200047,50002,126,100048,Y,2025-02-15,4409.70,CO
200048,200048,50002,121,100049,Y,2025-03-14,9458.45,CO
200049,200049,50002,129,100050,Y,2025-03-03,9239.46,CO
200050,200050,50002,131,100051,Y,2025-02-06,8960.25,CO
200051,200051,50002,129,100052,Y,2025-02-14,9075.03,CO
200052,200052,50002,132,100053,Y,2025-02-01,8280.52,CO
200053,200053,50002,122,100054,Y,2025-03-21,7665.09,CO
200054,200054,50002,127,100055,Y,2025-01-23,3540.30,CO
200055,200055,50002,128,100056,Y,2025-03-05,4623.80,CO
200056,200056,50002,126,100057,Y,2025-01-15,2363.19,CO
200057,200057,50002,129,100058,Y,2025-03-30,7265.40,CO
200058,200058,50002,200,100059,N,2025-02-11,16030.22,CO
200059,200059,50002,201,100060,N,2025-02-16,16030.22,CO
200060,200060,50002,205,100061,N,2025-02-21,16030.21,CO
200061,200061,50002,206,100062,N,2025-02-19,1035.00,CO
200062,200062,50002,207,100063,N,2025-02-18,409.50,CO
200063,200063,12,121,100064,Y,2025-03-17,5558.18,CO
200064,200064,12,133,100065,Y,2025-04-10,2066.53,CO
200065,200065,12,127,100066,Y,2025-02-22,3344.39,CO
200066,200066,12,128,100067,Y,2025-03-05,9568.50,CO
200067,200067,12,127,100068,Y,2025-04-22,9013.83,CO
200068,200068,12,123,100069,Y,2025-05-30,2242.41,CO
200069,200069,12,126,100070,Y,2025-04-24,2658.83,CO
200070,200070,12,132,100071,Y,2025-02-19,2138.52,CO
200071,200071,12,122,100072,Y,2025-03-15,1686.11,CO
200072,200072,12,132,100073,Y,2025-04-21,9606.14,CO
200073,200073,12,126,100074,Y,2025-03-04,3502.29,CO
200074,200074,12,132,100075,Y,2025-03-28,8403.52,CO
200075,200075,12,205,100076,N,2025-03-30,9614.51,CO
200076,200076,12,204,100077,N,2025-03-24,9614.51,CO
200077,200077,12,203,100078,N,2025-03-21,9614.52,CO
200078,200078,12,206,100079,N,2025-03-19,819.00,CO
200079,200079,12,207,100080,N,2025-03-17,343.00,CO
200080,200080,50001,130,100081,Y,2025-04-19,9574.22,CO
200081,200081,50001,130,100082,Y,2025-04-05,3914.61,CO
200082,200082,50001,129,100083,Y,2025-04-15,2978.70,CO
200083,200083,50001,131,100085,Y,2025-03-31,9813.93,CO
200084,200084,50001,129,100086,Y,2025-03-26,9044.09,CO
200085,200085,50001,127,100087,Y,2025-04-29,5057.50,CO
200086,200086,50001,133,100088,Y,2025-03-19,3830.35,CO
200087,200087,50001,125,100089,Y,2025-03-19,8768.40,CO
200088,200088,50001,134,100090,Y,2025-02-06,4268.03,CO
200089,200089,50001,124,100091,Y,2025-05-05,7942.11,CO
200090,200090,50001,133,100092,Y,2025-03-10,5099.22,CO
200091,200091,50001,125,100093,Y,2025-05-06,7983.84,CO
200092,200092,50001,204,100094,N,2025-03-18,11869.25,CO
200093,200093,50001,202,100095,N,2025-03-24,11869.25,CO
200094,200094,50001,202,100096,N,2025-03-15,11869.26,CO
200095,200095,50001,206,100097,N,2025-03-16,954.00,CO
200096,200096,50001,207,100098,N,2025-03-17,322.00,CO
200097,200097,50002,123,100099,Y,2025-04-24,5211.30,CO
200098,200098,50002,132,100100,Y,2025-02-14,4059.42,CO
200099,200099,50002,133,100101,Y,2025-03-10,6699.42,CO
200100,200100,50002,120,100102,Y,2025-02-19,6950.58,CO
200101,200101,50002,134,100103,Y,2025-04-27,8773.30,CO
200102,200102,50002,133,100104,Y,2025-04-02,1749.91,CO
200103,200103,50002,133,100105,Y,2025-04-17,2104.15,CO
200104,200104,50002,126,100106,Y,2025-03-23,3933.42,CO
200105,200105,50002,127,100107,Y,2025-04-12,1842.36,CO
200106,200106,50002,134,100108,Y,2025-05-23,2627.74,CO
200107,200107,50002,128,100109,Y,2025-04-20,4554.36,CO
200108,200108,50002,126,100110,Y,2025-03-27,5464.09,CO
200109,200109,50002,120,100111,Y,2025-03-06,4729.44,CO
200110,200110,50002,127,100112,Y,2025-03-24,2654.74,CO
200111,200111,50002,129,100113,Y,2025-03-26,6022.86,CO
200112,200112,50002,131,100114,Y,2025-02-05,2972.16,CO
200113,200113,50002,200,100115,N,2025-03-20,11090.36,CO
200114,200114,50002,203,100116,N,2025-03-23,11090.36,CO
200115,200115,50002,205,100117,N,2025-04-07,11090.37,CO
200116,200116,50002,206,100118,N,2025-03-19,918.00,CO
200117,200117,50002,207,100119,N,2025-03-23,406.00,CO
200118,200118,12,129,100120,Y,2025-05-27,8358.53,CO
200119,200119,12,134,100121,Y,2025-05-04,7876.20,CO
200120,200120,12,128,100122,Y,2025-03-28,10261.53,CO
200121,200121,12,126,100123,Y,2025-05-05,9413.07,CO
200122,200122,12,120,100124,Y,2025-03-21,1844.91,CO
200123,200123,12,132,100125,Y,2025-05-03,10907.19,CO
200124,200124,12,132,100126,Y,2025-05-31,13039.30,CO
200125,200125,12,126,100127,Y,2025-05-22,13116.04,CO
200126,200126,12,130,100128,Y,2025-03-27,4996.48,CO
200127,200127,12,131,100129,Y,2025-05-18,2633.07,CO
200128,200128,12,123,100130,Y,2025-03-03,8088.87,CO
200129,200129,12,130,100131,Y,2025-04-02,10464.33,CO
200130,200130,12,130,100132,Y,2025-05-04,8119.56,CO
200131,200131,12,124,100133,Y,2025-03-18,11103.42,CO
200132,200132,12,200,100134,N,2025-04-03,20553.08,CO
200133,200133,12,200,100135,N,2025-04-28,20553.08,CO
200134,200134,12,200,100136,N,2025-04-22,20553.08,CO
200135,200135,12,206,100137,N,2025-04-24,954.00,CO
200136,200136,12,207,100138,N,2025-04-18,332.50,CO
200137,200137,50001,133,100139,Y,2025-05-08,8885.80,CO
200138,200138,50001,124,100140,Y,2025-07-15,7302.88,CO
200139,200139,50001,130,100141,Y,2025-04-17,12173.31,CO
200140,200140,50001,129,100142,Y,2025-05-25,8884.71,CO
200141,200141,50001,133,100143,Y,2025-05-31,9955.69,CO
200142,200142,50001,125,100144,Y,2025-05-03,10319.63,CO
200143,200143,50001,129,100145,Y,2025-04-23,3776.41,CO
200144,200144,50001,134,100146,Y,2025-05-04,8490.07,CO
200145,200145,50001,129,100147,Y,2025-06-22,9202.60,CO
200146,200146,50001,132,100148,Y,2025-04-17,8028.57,CO
200147,200147,50001,124,100149,Y,2025-04-05,10652.87,CO
200148,200148,50001,133,100150,Y,2025-05-05,7040.90,CO
200149,200149,50001,200,100151,N,2025-04-16,17125.81,CO
200150,200150,50001,204,100152,N,2025-04-16,17125.81,CO
200151,200151,50001,205,100153,N,2025-04-18,17125.81,CO
200152,200152,50001,206,100154,N,2025-04-24,891.00,CO
200153,200153,50001,207,100155,N,2025-04-25,385.00,CO
200154,200154,50002,132,100156,Y,2025-05-19,2227.48,CO
200155,200155,50002,120,100157,Y,2025-03-12,9223.43,CO
200156,200156,50002,128,100158,Y,2025-05-01,12204.00,CO
200157,200157,50002,122,100159,Y,2025-05-13,2548.67,CO
200158,200158,50002,132,100160,Y,2025-04-25,3274.35,CO
200159,200159,50002,120,100161,Y,2025-05-23,6287.80,CO
200160,200160,50002,122,100162,Y,2025-05-28,10291.13,CO
200161,200161,50002,121,100163,Y,2025-04-05,2293.25,CO
200162,200162,50002,125,100164,Y,2025-05-07,3788.47,CO
200163,200163,50002,134,100165,Y,2025-04-26,4175.43,CO
200164,200164,50002,130,100166,Y,2025-04-22,5300.13,CO
200165,200165,50002,129,100167,Y,2025-06-03,5584.04,CO
200166,200166,50002,124,100168,Y,2025-04-19,5691.47,CO
200167,200167,50002,203,100169,N,2025-04-06,11740.58,CO
200168,200168,50002,200,100170,N,2025-05-01,11740.58,CO
200169,200169,50002,203,100171,N,2025-04-22,11740.59,CO
200170,200170,50002,206,100172,N,2025-04-28,882.00,CO
200171,200171,50002,207,100173,N,2025-04-16,311.50,CO
200172,200172,12,133,100174,Y,2025-07-12,3798.21,CO
200173,200173,12,134,100175,Y,2025-04-30,4117.94,CO
200174,200174,12,129,100177,Y,2025-07-11,14327.30,CO
200175,200175,12,132,100178,Y,2025-05-21,4338.05,CO
200176,200176,12,127,100179,Y,2025-08-02,12764.29,CO
200177,200177,12,134,100180,Y,2025-05-25,17431.01,CO
200178,200178,12,132,100181,Y,2025-05-18,14658.94,CO
200179,200179,12,132,100182,Y,2025-07-14,2102.10,CO
200180,200180,12,128,100183,Y,2025-05-09,3743.18,CO
200181,200181,12,121,100184,Y,2025-06-19,2944.58,CO
200182,200182,12,121,100185,Y,2025-06-12,10253.97,CO
200183,200183,12,126,100186,Y,2025-05-07,3659.90,CO
200184,200184,12,201,100187,N,2025-05-24,17008.16,CO
200185,200185,12,203,100188,N,2025-05-27,17008.16,CO
200186,200186,12,205,100189,N,2025-05-14,17008.17,CO
200187,200187,12,206,100190,N,2025-05-20,954.00,CO
200188,200188,12,207,100191,N,2025-05-22,353.50,CO
200189,200189,50001,127,100192,Y,2025-06-02,4854.09,CO
200190,200190,50001,125,100193,Y,2025-05-12,8316.19,CO
200191,200191,50001,121,100194,Y,2025-06-01,3527.54,CO
200192,200192,50001,131,100195,Y,2025-06-06,2473.15,CO
200193,200193,50001,124,100196,Y,2025-07-15,17584.18,CO
200194,200194,50001,125,100197,Y,2025-06-11,2377.97,CO
200195,200195,50001,130,100198,Y,2025-05-25,7254.37,CO
200196,200196,50001,121,100199,Y,2025-05-25,13561.41,CO
200197,200197,50001,122,100200,Y,2025-05-19,5957.56,CO
200198,200198,50001,132,100201,Y,2025-05-18,6161.30,CO
200199,200199,50001,127,100202,Y,2025-04-29,2363.09,CO
200200,200200,50001,134,100203,Y,2025-06-20,15676.16,CO
200201,200201,50001,133,100204,Y,2025-05-04,12267.58,CO
200202,200202,50001,122,100205,Y,2025-04-05,16819.78,CO
200203,200203,50001,125,100206,Y,2025-05-23,3496.32,CO
200204,200204,50001,127,100207,Y,2025-08-13,12788.09,CO
200205,200205,50001,133,100208,Y,2025-06-28,9681.41,CO
200206,200206,50001,123,100209,Y,2025-04-18,15732.66,CO
200207,200207,50001,202,100210,N,2025-06-03,25267.27,CO
200208,200208,50001,200,100211,N,2025-05-25,25267.27,CO
200209,200209,50001,203,100212,N,2025-05-29,25267.26,CO
200210,200210,50001,206,100213,N,2025-05-25,774.00,CO
200211,200211,50001,207,100214,N,2025-05-24,336.00,CO
200212,200212,50002,126,100215,Y,2025-05-06,5459.37,CO
200213,200213,50002,127,100216,Y,2025-06-29,16949.16,CO
200214,200214,50002,126,100217,Y,2025-05-29,8600.25,CO
200215,200215,50002,121,100218,Y,2025-06-01,8057.44,CO
200216,200216,50002,122,100219,Y,2025-06-05,16743.93,CO
200217,200217,50002,130,100220,Y,2025-04-29,6693.71,CO
200218,200218,50002,124,100222,Y,2025-05-24,16638.35,CO
200219,200219,50002,131,100223,Y,2025-05-06,16956.59,CO
200220,200220,50002,120,100224,Y,2025-06-06,15467.95,CO
200221,200221,50002,125,100225,Y,2025-05-24,14804.68,CO
200222,200222,50002,130,100226,Y,2025-05-30,9467.26,CO
200223,200223,50002,133,100227,Y,2025-05-04,4653.32,CO
200224,200224,50002,127,100228,Y,2025-05-22,15879.90,CO
200225,200225,50002,204,100229,N,2025-05-27,28048.17,CO
200226,200226,50002,203,100230,N,2025-05-12,28048.17,CO
200227,200227,50002,205,100231,N,2025-06-01,28048.18,CO
200228,200228,50002,206,100232,N,2025-05-23,918.00,CO
200229,200229,50002,207,100233,N,2025-05-22,385.00,CO
200230,200230,12,122,100234,Y,2025-06-27,2624.26,CO
200231,200231,12,132,100235,Y,2025-07-31,7983.35,CO
200232,200232,12,125,100236,Y,2025-07-15,3308.71,CO
200233,200233,12,131,100237,Y,2025-07-21,13051.03,CO
200234,200234,12,132,100238,Y,2025-06-14,7763.67,CO
200235,200235,12,121,100239,Y,2025-06-06,9693.00,CO
200236,200236,12,125,100240,Y,2025-06-22,7023.91,CO
200237,200237,12,122,100241,Y,2025-05-01,4057.43,CO
200238,200238,12,124,100242,Y,2025-06-06,16972.47,CO
200239,200239,12,128,100243,Y,2025-05-16,9791.64,CO
200240,200240,12,134,100244,Y,2025-06-11,13506.84,CO
200241,200241,12,124,100245,Y,2025-06-19,8830.71,CO
200242,200242,12,123,100246,Y,2025-07-11,13922.30,CO
200243,200243,12,127,100247,Y,2025-06-23,13346.93,CO
200244,200244,12,126,100248,Y,2025-07-01,5230.58,CO
200245,200245,12,203,100249,N,2025-06-24,22454.24,CO
200246,200246,12,205,100250,N,2025-06-15,22454.24,CO
200247,200247,12,200,100251,N,2025-06-02,22454.25,CO
200248,200248,12,206,100252,N,2025-06-20,972.00,CO
200249,200249,12,207,100253,N,2025-06-18,332.50,CO
200250,200250,50001,121,100254,Y,2025-07-06,14476.74,CO
200251,200251,50001,121,100255,Y,2025-06-05,10558.29,CO
200252,200252,50001,128,100256,Y,2025-06-26,9065.34,CO
200253,200253,50001,122,100257,Y,2025-06-14,3177.20,CO
200254,200254,50001,128,100258,Y,2025-08-05,6959.65,CO
200255,200255,50001,133,100259,Y,2025-08-11,13097.37,CO
200256,200256,50001,127,100261,Y,2025-08-27,12892.62,CO
200257,200257,50001,134,100262,Y,2025-06-07,9972.46,CO
200258,200258,50001,124,100263,Y,2025-05-27,14333.27,CO
200259,200259,50001,123,100264,Y,2025-06-11,13674.21,CO
200260,200260,50001,120,100265,Y,2025-06-08,13497.87,CO
200261,200261,50001,129,100266,Y,2025-07-03,7552.95,CO
200262,200262,50001,200,100267,N,2025-06-18,24149.65,CO
200263,200263,50001,201,100268,N,2025-07-12,24149.65,CO
200264,200264,50001,203,100269,N,2025-05-30,24149.66,CO
200265,200265,50001,206,100270,N,2025-06-27,1008.00,CO
200266,200266,50001,207,100271,N,2025-06-20,357.00,CO
200267,200267,50002,131,100272,Y,2025-06-24,10157.78,CO
200268,200268,50002,125,100273,Y,2025-06-08,4468.40,CO
200269,200269,50002,128,100274,Y,2025-06-05,14514.10,CO
200270,200270,50002,124,100275,Y,2025-07-08,8945.78,CO
200271,200271,50002,125,100277,Y,2025-06-06,5510.04,CO
200272,200272,50002,124,100278,Y,2025-06-26,10764.52,CO
200273,200273,50002,125,100280,Y,2025-07-08,5479.40,CO
200274,200274,50002,134,100281,Y,2025-07-31,13614.44,CO
200275,200275,50002,120,100282,Y,2025-06-14,15107.40,CO
200276,200276,50002,124,100283,Y,2025-06-02,16322.39,CO
200277,200277,50002,120,100284,Y,2025-06-04,13204.97,CO
200278,200278,50002,122,100285,Y,2025-06-30,8271.78,CO
200279,200279,50002,134,100286,Y,2025-07-28,13748.94,CO
200280,200280,50002,203,100287,N,2025-06-29,24139.00,CO
200281,200281,50002,203,100288,N,2025-06-09,24139.00,CO
200282,200282,50002,205,100289,N,2025-06-18,24139.01,CO
200283,200283,50002,206,100290,N,2025-06-15,990.00,CO
200284,200284,50002,207,100291,N,2025-06-26,353.50,CO
200285,200285,12,120,100292,Y,2025-06-09,5862.79,CO
200286,200286,12,131,100293,Y,2025-11-13,2967.44,CO
200287,200287,12,130,100294,Y,2025-08-27,5048.85,CO
200288,200288,12,131,100295,Y,2025-07-19,3146.15,CO
200289,200289,12,129,100296,Y,2025-08-24,10644.33,CO
200290,200290,12,127,100297,Y,2025-08-01,5057.86,CO
200291,200291,12,134,100298,Y,2025-06-25,14204.96,CO
200292,200292,12,122,100299,Y,2025-09-18,11087.34,CO
200293,200293,12,132,100300,Y,2025-06-27,5036.84,CO
200294,200294,12,128,100301,Y,2025-08-03,10606.79,CO
200295,200295,12,120,100302,Y,2025-06-10,16637.78,CO
200296,200296,12,129,100303,Y,2025-07-14,14936.30,CO
200297,200297,12,201,100304,N,2025-08-06,16807.10,CO
200298,200298,12,201,100305,N,2025-07-12,16807.10,CO
200299,200299,12,205,100306,N,2025-07-07,16807.11,CO
200300,200300,12,206,100307,N,2025-07-19,1035.00,CO
200301,200301,12,207,100308,N,2025-07-15,339.50,CO
200302,200302,50001,126,100309,Y,2025-07-17,8152.94,CO
200303,200303,50001,120,100311,Y,2025-07-25,7830.08,CO
200304,200304,50001,133,100313,Y,2025-07-26,4747.00,CO
200305,200305,50001,124,100314,Y,2025-07-23,18013.37,CO
200306,200306,50001,125,100315,Y,2025-07-24,10632.32,CO
200307,200307,50001,126,100316,Y,2025-08-24,16873.55,CO
200308,200308,50001,127,100317,Y,2025-09-29,8376.71,CO
200309,200309,50001,133,100318,Y,2025-09-18,10612.79,CO
200310,200310,50001,130,100319,Y,2025-08-07,13710.89,CO
200311,200311,50001,134,100320,Y,2025-06-08,17804.63,CO
200312,200312,50001,123,100321,Y,2025-08-14,11255.54,CO
200313,200313,50001,120,100322,Y,2025-07-22,17968.32,CO
200314,200314,50001,133,100323,Y,2025-11-03,14283.05,CO
200315,200315,50001,120,100324,Y,2025-07-11,14496.30,CO
200316,200316,50001,128,100325,Y,2025-07-15,12266.21,CO
200317,200317,50001,132,100326,Y,2025-08-08,12052.96,CO
200318,200318,50001,203,100327,N,2025-07-12,36019.26,CO
200319,200319,50001,202,100328,N,2025-07-02,36019.26,CO
200320,200320,50001,203,100329,N,2025-07-05,36019.25,CO
200321,200321,50001,206,100330,N,2025-07-20,837.00,CO
200322,200322,50001,207,100331,N,2025-07-22,315.00,CO
200323,200323,50002,122,100332,Y,2025-07-17,11760.13,CO
200324,200324,50002,123,100333,Y,2025-07-19,17056.76,CO
200325,200325,50002,128,100334,Y,2025-07-18,14799.65,CO
200326,200326,50002,127,100335,Y,2025-07-01,10653.35,CO
200327,200327,50002,121,100336,Y,2025-08-20,6980.08,CO
200328,200328,50002,130,100337,Y,2025-08-04,8466.81,CO
200329,200329,50002,122,100338,Y,2025-09-13,4038.17,CO
200330,200330,50002,124,100339,Y,2025-09-02,5290.63,CO
200331,200331,50002,131,100340,Y,2025-07-27,14233.49,CO
200332,200332,50002,130,100341,Y,2025-07-27,11426.73,CO
200333,200333,50002,120,100342,Y,2025-07-13,11558.89,CO
200334,200334,50002,121,100343,Y,2025-09-16,10982.23,CO
200335,200335,50002,131,100344,Y,2025-07-11,11591.93,CO
200336,200336,50002,202,100345,N,2025-06-30,24536.62,CO
200337,200337,50002,203,100346,N,2025-07-16,24536.62,CO
200338,200338,50002,201,100347,N,2025-06-28,24536.61,CO
200339,200339,50002,206,100348,N,2025-07-27,774.00,CO
200340,200340,50002,207,100349,N,2025-07-25,381.50,CO
200341,200341,12,128,100350,Y,2025-08-14,6752.64,CO
200342,200342,12,132,100351,Y,2025-07-25,6168.02,CO
200343,200343,12,132,100352,Y,2025-07-25,4114.63,CO
200344,200344,12,132,100353,Y,2025-08-15,1898.02,CO
200345,200345,12,129,100354,Y,2025-08-19,12341.64,CO
200346,200346,12,123,100355,Y,2025-08-06,2681.05,CO
200347,200347,12,120,100357,Y,2025-09-10,2583.24,CO
200348,200348,12,127,100358,Y,2025-07-28,7367.43,CO
200349,200349,12,132,100359,Y,2025-08-17,2284.78,CO
200350,200350,12,122,100360,Y,2025-08-28,10815.83,CO
200351,200351,12,122,100361,Y,2025-07-24,12206.38,CO
200352,200352,12,203,100362,N,2025-08-06,11336.06,CO
200353,200353,12,201,100363,N,2025-08-14,11336.06,CO
200354,200354,12,202,100364,N,2025-08-14,11336.06,CO
200355,200355,12,206,100365,N,2025-08-27,801.00,CO
200356,200356,12,207,100366,N,2025-08-17,399.00,CO
200357,200357,50001,127,100367,Y,2025-09-10,8164.41,CO
200358,200358,50001,131,100368,Y,2025-07-20,12713.86,CO
200359,200359,50001,124,100369,Y,2025-09-27,4255.47,CO
200360,200360,50001,128,100370,Y,2025-08-17,11028.21,CO
200361,200361,50001,127,100371,Y,2025-07-28,12976.55,CO
200362,200362,50001,133,100372,Y,2025-10-19,11322.20,CO
200363,200363,50001,123,100373,Y,2025-07-03,12576.37,CO
200364,200364,50001,124,100374,Y,2025-07-21,2181.95,CO
200365,200365,50001,131,100375,Y,2025-08-26,11955.99,CO
200366,200366,50001,125,100376,Y,2025-09-12,13219.10,CO
200367,200367,50001,134,100377,Y,2025-09-29,1285.47,CO
200368,200368,50001,129,100378,Y,2025-09-01,4523.74,CO
200369,200369,50001,122,100379,Y,2025-08-20,11879.98,CO
200370,200370,50001,125,100380,Y,2025-09-20,9075.42,CO
200371,200371,50001,205,100381,N,2025-08-10,19850.42,CO
200372,200372,50001,201,100382,N,2025-07-25,19850.42,CO
200373,200373,50001,201,100383,N,2025-09-07,19850.42,CO
200374,200374,50001,206,100384,N,2025-08-25,1026.00,CO
200375,200375,50001,207,100385,N,2025-08-19,360.50,CO
200376,200376,50002,130,100386,Y,2025-08-03,11114.29,CO
200377,200377,50002,130,100387,Y,2025-08-20,11066.22,CO
200378,200378,50002,134,100388,Y,2025-08-25,11204.83,CO
200379,200379,50002,129,100389,Y,2025-09-19,4844.55,CO
200380,200380,50002,121,100390,Y,2025-09-20,6581.61,CO
200381,200381,50002,126,100391,Y,2025-07-28,12886.00,CO
200382,200382,50002,131,100392,Y,2025-08-10,1744.89,CO
200383,200383,50002,120,100393,Y,2025-08-05,6827.52,CO
200384,200384,50002,127,100394,Y,2025-09-26,7319.35,CO
200385,200385,50002,131,100395,Y,2025-08-20,8214.72,CO
200386,200386,50002,124,100396,Y,2025-09-14,3919.01,CO
200387,200387,50002,132,100397,Y,2025-09-01,5755.56,CO
200388,200388,50002,133,100398,Y,2025-09-07,10434.67,CO
200389,200389,50002,132,100399,Y,2025-10-03,10068.03,CO
200390,200390,50002,202,100400,N,2025-08-20,16678.36,CO
200391,200391,50002,200,100401,N,2025-08-08,16678.36,CO
200392,200392,50002,202,100402,N,2025-08-11,16678.35,CO
200393,200393,50002,206,100403,N,2025-08-24,909.00,CO
200394,200394,50002,207,100404,N,2025-08-25,315.00,CO
200395,200395,12,124,100405,Y,2025-08-26,7729.86,CO
200396,200396,12,134,100406,Y,2025-09-01,7688.30,CO
200397,200397,12,133,100407,Y,2025-09-11,4637.69,CO
200398,200398,12,120,100408,Y,2025-08-13,7438.95,CO
200399,200399,12,127,100409,Y,2025-09-24,8021.89,CO
200400,200400,12,132,100410,Y,2025-11-25,3717.79,CO
200401,200401,12,130,100411,Y,2025-09-22,1626.84,CO
200402,200402,12,129,100412,Y,2025-09-18,7545.66,CO
200403,200403,12,131,100413,Y,2025-10-15,5138.64,CO
200404,200404,12,134,100414,Y,2025-09-08,4712.95,CO
200405,200405,12,128,100415,Y,2025-10-06,8124.11,CO
200406,200406,12,131,100416,Y,2025-11-01,12315.89,CO
200407,200407,12,127,100417,Y,2025-10-27,8611.57,CO
200408,200408,12,134,100418,Y,2025-10-13,2683.32,CO
200409,200409,12,133,100419,Y,2025-10-21,10640.07,CO
200410,200410,12,200,100420,N,2025-10-01,15713.41,CO
200411,200411,12,200,100421,N,2025-09-18,15713.41,CO
200412,200412,12,202,100422,N,2025-09-02,15713.42,CO
200413,200413,12,206,100423,N,2025-09-19,792.00,CO
200414,200414,12,207,100424,N,2025-09-22,304.50,CO
200415,200415,50001,127,100425,Y,2025-10-27,10242.46,CO
200416,200416,50001,127,100426,Y,2025-10-16,4607.37,CO
200417,200417,50001,128,100427,Y,2025-09-08,10693.99,CO
200418,200418,50001,121,100428,Y,2025-09-27,6731.34,CO
200419,200419,50001,133,100429,Y,2025-09-20,12274.33,CO
200420,200420,50001,122,100430,Y,2025-10-18,11557.73,CO
200421,200421,50001,133,100431,Y,2025-10-14,9325.93,CO
200422,200422,50001,133,100433,Y,2025-10-29,12969.59,CO
200423,200423,50001,121,100434,Y,2025-09-28,4557.95,CO
200424,200424,50001,120,100435,Y,2025-10-09,12355.20,CO
200425,200425,50001,132,100436,Y,2025-08-16,5908.03,CO
200426,200426,50001,120,100437,Y,2025-08-19,6816.70,CO
200427,200427,50001,126,100438,Y,2025-09-03,13378.44,CO
200428,200428,50001,123,100439,Y,2025-09-12,9732.53,CO
200429,200429,50001,132,100440,Y,2025-08-14,10251.45,CO
200430,200430,50001,126,100441,Y,2025-11-27,3916.60,CO
200431,200431,50001,203,100442,N,2025-09-17,23892.21,CO
200432,200432,50001,205,100443,N,2025-09-25,23892.21,CO
200433,200433,50001,204,100444,N,2025-09-21,23892.21,CO
200434,200434,50001,206,100445,N,2025-09-22,765.00,CO
200435,200435,50001,207,100446,N,2025-09-19,311.50,CO
200436,200436,50002,132,100447,Y,2025-09-09,2024.01,CO
200437,200437,50002,127,100448,Y,2025-09-30,3860.44,CO
200438,200438,50002,120,100449,Y,2025-08-09,8425.12,CO
200439,200439,50002,127,100450,Y,2025-11-02,10695.11,CO
200440,200440,50002,123,100451,Y,2025-10-05,2173.39,CO
200441,200441,50002,127,100453,Y,2025-10-04,5139.76,CO
200442,200442,50002,121,100454,Y,2025-10-22,12826.94,CO
200443,200443,50002,126,100456,Y,2025-09-16,7058.19,CO
200444,200444,50002,124,100457,Y,2025-09-02,5936.11,CO
200445,200445,50002,123,100458,Y,2025-09-03,9785.32,CO
200446,200446,50002,124,100459,Y,2025-10-16,8072.44,CO
200447,200447,50002,129,100460,Y,2025-10-18,2617.90,CO
200448,200448,50002,134,100461,Y,2025-08-18,10179.56,CO
200449,200449,50002,203,100462,N,2025-09-19,19606.32,CO
200450,200450,50002,201,100463,N,2025-10-03,19606.32,CO
200451,200451,50002,205,100464,N,2025-09-04,19606.32,CO
200452,200452,50002,206,100465,N,2025-09-22,900.00,CO
200453,200453,50002,207,100466,N,2025-09-27,413.00,CO
200454,200454,12,125,100467,Y,2026-02-07,12554.55,CO
200455,200455,12,128,100468,Y,2025-11-21,6007.54,CO
200456,200456,12,121,100469,Y,2025-10-05,12928.12,CO
200457,200457,12,131,100470,Y,2025-10-14,9050.25,CO
200458,200458,12,127,100471,Y,2025-09-27,2525.81,CO
200459,200459,12,128,100472,Y,2025-10-07,1732.41,CO
200460,200460,12,121,100473,Y,2025-10-26,6036.89,CO
200461,200461,12,124,100474,Y,2025-11-06,4609.20,CO
200462,200462,12,129,100475,Y,2025-11-17,13378.42,CO
200463,200463,12,130,100476,Y,2025-10-03,10906.79,CO
200464,200464,12,126,100477,Y,2025-11-25,7463.44,CO
200465,200465,12,124,100478,Y,2026-01-09,5722.00,CO
200466,200466,12,127,100480,Y,2025-10-12,2106.42,CO
200467,200467,12,131,100481,Y,2025-09-14,11352.59,CO
200468,200468,12,133,100482,Y,2025-10-23,7263.67,CO
200469,200469,12,203,100483,N,2025-10-09,19698.76,CO
200470,200470,12,203,100484,N,2025-10-29,19698.76,CO
200471,200471,12,202,100485,N,2025-10-28,19698.75,CO
200472,200472,12,206,100486,N,2025-10-20,936.00,CO
200473,200473,12,207,100487,N,2025-10-23,315.00,CO
200474,200474,50001,131,100488,Y,2025-10-23,6429.64,CO
200475,200475,50001,123,100489,Y,2026-01-11,13344.57,CO
200476,200476,50001,131,100490,Y,2025-09-15,6558.30,CO
200477,200477,50001,134,100491,Y,2025-10-09,10089.68,CO
200478,200478,50001,121,100492,Y,2025-10-23,12226.13,CO
200479,200479,50001,132,100493,Y,2026-02-09,12305.13,CO
200480,200480,50001,128,100494,Y,2025-11-12,6821.26,CO
200481,200481,50001,130,100495,Y,2025-11-03,2703.00,CO
200482,200482,50001,130,100496,Y,2025-09-26,3933.18,CO
200483,200483,50001,126,100497,Y,2025-09-27,12587.28,CO
200484,200484,50001,122,100498,Y,2025-11-29,3505.43,CO
200485,200485,50001,124,100499,Y,2025-10-03,2947.90,CO
200486,200486,50001,124,100500,Y,2025-09-18,11893.19,CO
200487,200487,50001,121,100501,Y,2025-10-21,11864.98,CO
200488,200488,50001,120,100502,Y,2025-12-03,3428.69,CO
200489,200489,50001,130,100503,Y,2025-11-03,5683.63,CO
200490,200490,50001,201,100504,N,2025-10-18,19214.11,CO
200491,200491,50001,201,100505,N,2025-10-19,19214.11,CO
200492,200492,50001,203,100506,N,2025-10-20,19214.10,CO
200493,200493,50001,206,100507,N,2025-10-26,999.00,CO
200494,200494,50001,207,100508,N,2025-10-22,392.00,CO
200495,200495,50002,126,100509,Y,2025-10-21,2753.78,CO
200496,200496,50002,122,100510,Y,2025-10-20,12029.75,CO
200497,200497,50002,132,100511,Y,2025-11-13,2260.59,CO
200498,200498,50002,132,100512,Y,2026-01-24,7499.55,CO
200499,200499,50002,128,100513,Y,2025-09-17,9654.04,CO
200500,200500,50002,125,100514,Y,2025-10-05,7475.85,CO
200501,200501,50002,127,100515,Y,2025-10-24,6865.28,CO
200502,200502,50002,129,100516,Y,2025-11-08,4190.50,CO
200503,200503,50002,120,100517,Y,2025-11-17,5548.20,CO
200504,200504,50002,128,100518,Y,2025-11-07,2625.12,CO
200505,200505,50002,120,100519,Y,2025-09-13,10869.55,CO
200506,200506,50002,132,100520,Y,2025-09-21,3008.85,CO
200507,200507,50002,125,100521,Y,2025-11-23,12642.58,CO
200508,200508,50002,201,100522,N,2025-10-24,13331.24,CO
200509,200509,50002,205,100523,N,2025-10-13,13331.24,CO
200510,200510,50002,200,100524,N,2025-10-26,13331.23,CO
200511,200511,50002,206,100525,N,2025-10-28,765.00,CO
200512,200512,50002,207,100526,N,2025-10-27,392.00,CO
200513,200513,12,125,100527,Y,2025-11-19,4668.68,CO
200514,200514,12,121,100528,Y,2025-11-19,3594.78,CO
200515,200515,12,121,100529,Y,2025-11-13,12522.76,CO
200516,200516,12,130,100530,Y,2025-11-12,5714.23,CO
200517,200517,12,133,100531,Y,2025-12-30,2379.13,CO
200518,200518,12,120,100532,Y,2025-12-08,10374.97,CO
200519,200519,12,127,100533,Y,2026-01-11,4771.87,CO
200520,200520,12,129,100534,Y,2025-12-20,9607.25,CO
200521,200521,12,122,100535,Y,2025-12-31,10598.36,CO
200522,200522,12,127,100536,Y,2025-10-04,5350.21,CO
200523,200523,12,127,100537,Y,2025-11-29,5227.74,CO
200524,200524,12,129,100538,Y,2026-01-23,4792.28,CO
200525,200525,12,131,100539,Y,2025-11-21,7601.20,CO
200526,200526,12,203,100540,N,2025-11-22,13252.00,CO
200527,200527,12,201,100541,N,2025-11-19,13252.00,CO
200528,200528,12,202,100542,N,2025-10-26,13251.99,CO
200529,200529,12,206,100543,N,2025-11-27,774.00,CO
200530,200530,12,207,100544,N,2025-11-25,409.50,CO
200531,200531,50001,122,100545,Y,2025-12-31,12162.15,CO
200532,200532,50001,128,100546,Y,2025-11-22,9027.77,CO
200533,200533,50001,133,100547,Y,2025-11-25,5406.91,CO
200534,200534,50001,125,100548,Y,2025-11-11,12043.08,CO
200535,200535,50001,127,100549,Y,2025-11-24,5109.80,CO
200536,200536,50001,132,100550,Y,2025-12-26,1787.18,CO
200537,200537,50001,126,100551,Y,2025-11-19,5450.00,CO
200538,200538,50001,126,100552,Y,2025-11-17,5670.00,CO
200539,200539,50001,134,100553,Y,2025-12-04,8246.45,CO
200540,200540,50001,121,100554,Y,2025-12-24,2372.33,CO
200541,200541,50001,130,100555,Y,2025-11-09,12988.84,CO
200542,200542,50001,128,100556,Y,2025-10-02,8505.00,CO
200543,200543,50001,134,100557,Y,2025-10-11,10520.12,CO
200544,200544,50001,134,100558,Y,2025-11-08,4738.99,CO
200545,200545,50001,122,100559,Y,2025-10-12,3694.57,CO
200546,200546,50001,123,100560,Y,2026-01-27,9264.78,CO
200547,200547,50001,201,100561,N,2025-11-07,19998.39,CO
200548,200548,50001,200,100562,N,2025-11-08,19998.39,CO
200549,200549,50001,202,100563,N,2025-12-07,19998.38,CO
200550,200550,50001,206,100564,N,2025-11-20,774.00,CO
200551,200551,50001,207,100565,N,2025-11-15,364.00,CO
200552,200552,50002,131,100566,Y,2025-11-15,10119.82,CO
200553,200553,50002,126,100567,Y,2025-11-23,2326.97,CO
200554,200554,50002,121,100568,Y,2025-11-11,7395.95,CO
200555,200555,50002,126,100569,Y,2025-12-01,11535.05,CO
200556,200556,50002,121,100570,Y,2026-01-09,12463.79,CO
200557,200557,50002,121,100571,Y,2025-12-24,12043.08,CO
200558,200558,50002,134,100572,Y,2025-11-12,9563.02,CO
200559,200559,50002,125,100573,Y,2025-12-22,3635.60,CO
200560,200560,50002,124,100574,Y,2025-12-30,12752.96,CO
200561,200561,50002,125,100575,Y,2025-11-25,5439.80,CO
200562,200562,50002,132,100576,Y,2025-11-30,6054.43,CO
200563,200563,50002,127,100577,Y,2025-11-26,2516.35,CO
200564,200564,50002,129,100578,Y,2025-12-03,3453.03,CO
200565,200565,50002,122,100579,Y,2025-10-10,9186.53,CO
200566,200566,50002,130,100580,Y,2025-12-08,13543.36,CO
200567,200567,50002,205,100581,N,2025-12-01,19864.26,CO
200568,200568,50002,200,100582,N,2025-12-12,19864.26,CO
200569,200569,50002,203,100583,N,2025-11-22,19864.26,CO
200570,200570,50002,206,100584,N,2025-11-20,792.00,CO
200571,200571,50002,207,100585,N,2025-11-16,374.50,CO
200572,200572,12,130,100586,Y,2025-12-22,11166.12,CO
200573,200573,12,129,100587,Y,2026-03-02,3018.28,CO
200574,200574,12,127,100588,Y,2026-01-30,11301.71,CO
200575,200575,12,134,100589,Y,2025-11-25,1253.06,CO
200576,200576,12,120,100590,Y,2026-01-11,11149.03,CO
200577,200577,12,133,100591,Y,2025-12-27,8156.97,CO
200578,200578,12,126,100592,Y,2025-11-22,13156.66,CO
200579,200579,12,126,100593,Y,2026-02-14,6132.25,CO
200580,200580,12,125,100594,Y,2025-12-25,13274.01,CO
200581,200581,12,132,100595,Y,2025-12-02,11834.95,CO
200582,200582,12,134,100596,Y,2025-12-15,2363.12,CO
200583,200583,12,122,100597,Y,2025-11-08,3460.36,CO
200584,200584,12,131,100598,Y,2025-11-19,3489.99,CO
200585,200585,12,123,100599,Y,2025-12-11,4005.57,CO
200586,200586,12,122,100600,Y,2026-01-11,10273.98,CO
200587,200587,12,200,100601,N,2025-12-16,20264.63,CO
200588,200588,12,202,100602,N,2025-12-26,20264.63,CO
200589,200589,12,204,100603,N,2025-12-30,20264.64,CO
200590,200590,12,206,100604,N,2025-12-19,1035.00,CO
200591,200591,12,207,100605,N,2025-12-24,297.50,CO
200592,200592,50001,123,100606,Y,2025-12-23,7384.46,CO
200593,200593,50001,134,100607,Y,2025-11-05,5889.56,CO
200594,200594,50001,131,100608,Y,2025-12-12,3619.88,CO
200595,200595,50001,126,100609,Y,2025-12-17,2293.62,CO
200596,200596,50001,123,100610,Y,2025-11-25,4568.99,CO
200597,200597,50001,128,100611,Y,2026-01-13,4726.23,CO
200598,200598,50001,133,100612,Y,2025-12-13,3423.90,CO
200599,200599,50001,120,100613,Y,2026-01-21,11167.26,CO
200600,200600,50001,133,100614,Y,2025-12-02,13499.61,CO
200601,200601,50001,121,100615,Y,2025-12-27,3456.94,CO
200602,200602,50001,128,100616,Y,2025-12-02,3946.88,CO
200603,200603,50001,125,100617,Y,2026-01-03,4857.27,CO
200604,200604,50001,203,100618,N,2025-12-27,10895.33,CO
200605,200605,50001,202,100619,N,2025-12-13,10895.33,CO
200606,200606,50001,205,100620,N,2025-12-11,10895.32,CO
200607,200607,50001,206,100621,N,2025-12-27,891.00,CO
200608,200608,50001,207,100622,N,2025-12-28,388.50,CO
200609,200609,50002,124,100623,Y,2025-11-04,3273.50,CO
200610,200610,50002,133,100624,Y,2025-12-14,2094.22,CO
200611,200611,50002,130,100625,Y,2025-12-03,4491.51,CO
200612,200612,50002,127,100626,Y,2025-12-31,8433.84,CO
200613,200613,50002,124,100627,Y,2026-01-20,13263.76,CO
200614,200614,50002,129,100628,Y,2026-01-31,11177.51,CO
200615,200615,50002,131,100629,Y,2026-01-24,5596.73,CO
200616,200616,50002,121,100630,Y,2026-03-29,8522.71,CO
200617,200617,50002,129,100631,Y,2026-01-18,2156.89,CO
200618,200618,50002,123,100632,Y,2026-01-30,6716.77,CO
200619,200619,50002,125,100633,Y,2025-12-01,4649.90,CO
200620,200620,50002,127,100634,Y,2025-12-06,8495.37,CO
200621,200621,50002,124,100635,Y,2026-01-02,9904.81,CO
200622,200622,50002,121,100636,Y,2025-12-17,10497.30,CO
200623,200623,50002,132,100637,Y,2025-12-19,4228.32,CO
200624,200624,50002,132,100638,Y,2025-12-21,6720.18,CO
200625,200625,50002,132,100639,Y,2025-12-26,9944.68,CO
200626,200626,50002,202,100640,N,2025-12-18,19912.65,CO
200627,200627,50002,200,100641,N,2026-01-12,19912.65,CO
200628,200628,50002,202,100642,N,2025-12-18,19912.66,CO
200629,200629,50002,206,100643,N,2025-12-18,954.00,CO
200630,200630,50002,207,100644,N,2025-12-24,420.00,CO
200631,200631,12,124,100645,Y,2026-02-23,4222.59,CO
200632,200632,12,124,100646,Y,2026-02-01,6253.19,CO
200633,200633,12,130,100647,Y,2026-01-22,8482.97,CO
200634,200634,12,126,100648,Y,2025-12-08,5693.38,CO
200635,200635,12,130,100649,Y,2026-01-21,8506.16,CO
200636,200636,12,127,100650,Y,2025-12-31,4050.02,CO
200637,200637,12,122,100651,Y,2026-01-27,4202.85,CO
200638,200638,12,128,100652,Y,2025-12-11,5946.66,CO
200639,200639,12,134,100653,Y,2026-01-12,5560.29,CO
200640,200640,12,127,100654,Y,2026-01-06,2498.53,CO
200641,200641,12,126,100655,Y,2025-12-17,8725.96,CO
200642,200642,12,130,100656,Y,2025-12-25,10103.15,CO
200643,200643,12,129,100657,Y,2026-03-03,5856.52,CO
200644,200644,12,129,100658,Y,2026-01-20,9838.70,CO
200645,200645,12,125,100659,Y,2026-01-30,1526.59,CO
200646,200646,12,133,100660,Y,2026-02-10,2679.70,CO
200647,200647,12,203,100661,N,2026-01-05,15158.92,CO
200648,200648,12,204,100662,N,2026-01-25,15158.92,CO
200649,200649,12,205,100663,N,2026-01-18,15158.91,CO
200650,200650,12,206,100664,N,2026-01-25,1017.00,CO
200651,200651,12,207,100665,N,2026-01-22,395.50,CO
200652,200652,50001,134,100666,Y,2026-01-21,1629.20,CO
200653,200653,50001,124,100667,Y,2026-02-17,10218.20,CO
200654,200654,50001,133,100668,Y,2026-02-01,1943.02,CO
200655,200655,50001,120,100670,Y,2025-12-09,6080.61,CO
200656,200656,50001,127,100671,Y,2026-02-10,3441.27,CO
200657,200657,50001,129,100672,Y,2026-01-14,2984.49,CO
200658,200658,50001,132,100673,Y,2026-01-27,2186.00,CO
200659,200659,50001,133,100675,Y,2026-01-29,4830.48,CO
200660,200660,50001,121,100676,Y,2026-01-29,9188.74,CO
200661,200661,50001,122,100677,Y,2026-03-08,4731.75,CO
200662,200662,50001,124,100678,Y,2025-12-28,4742.05,CO
200663,200663,50001,120,100679,Y,2026-02-25,7481.84,CO
200664,200664,50001,124,100680,Y,2025-12-12,3923.80,CO
200665,200665,50001,200,100681,N,2026-01-28,12647.91,CO
200666,200666,50001,201,100682,N,2025-12-22,12647.91,CO
200667,200667,50001,200,100683,N,2026-01-12,12647.91,CO
200668,200668,50001,206,100684,N,2026-01-28,990.00,CO
200669,200669,50001,207,100685,N,2026-01-25,395.50,CO
200670,200670,50002,130,100686,Y,2026-04-29,10150.37,CO
200671,200671,50002,125,100687,Y,2026-02-08,1302.50,CO
200672,200672,50002,127,100688,Y,2026-03-03,2500.24,CO
200673,200673,50002,127,100689,Y,2026-01-06,6783.80,CO
200674,200674,50002,131,100690,Y,2026-02-10,2490.80,CO
200675,200675,50002,122,100691,Y,2026-01-05,4761.80,CO
200676,200676,50002,125,100692,Y,2026-01-05,961.20,CO
200677,200677,50002,120,100693,Y,2026-01-18,2624.75,CO
200678,200678,50002,125,100694,Y,2026-02-26,8094.88,CO
200679,200679,50002,120,100695,Y,2026-01-15,3109.85,CO
200680,200680,50002,133,100696,Y,2026-03-03,10079.11,CO
200681,200681,50002,130,100697,Y,2026-01-28,5669.34,CO
200682,200682,50002,123,100698,Y,2026-02-14,2130.19,CO
200683,200683,50002,121,100699,Y,2026-01-21,8146.40,CO
200684,200684,50002,205,100700,N,2026-01-20,11302.86,CO
200685,200685,50002,200,100701,N,2026-01-12,11302.86,CO
200686,200686,50002,205,100702,N,2026-01-23,11302.86,CO
200687,200687,50002,206,100703,N,2026-01-15,990.00,CO
200688,200688,50002,207,100704,N,2026-01-19,318.50,CO
200689,200689,12,130,100705,Y,2026-03-31,6310.41,CO
200690,200690,12,127,100706,Y,2026-03-01,8736.15,CO
200691,200691,12,123,100707,Y,2026-02-14,2250.78,CO
200692,200692,12,129,100708,Y,2026-02-11,6763.29,CO
200693,200693,12,133,100709,Y,2026-03-28,5241.51,CO
200694,200694,12,120,100710,Y,2026-01-04,10467.53,CO
200695,200695,12,134,100711,Y,2026-01-28,10346.34,CO
200696,200696,12,134,100712,Y,2026-02-04,4576.29,CO
200697,200697,12,120,100713,Y,2026-01-30,8064.57,CO
200698,200698,12,122,100714,Y,2026-02-09,2976.15,CO
200699,200699,12,120,100715,Y,2026-04-05,6280.34,CO
200700,200700,12,128,100716,Y,2026-03-07,4938.06,CO
200701,200701,12,122,100718,Y,2026-02-12,2508.67,CO
200702,200702,12,200,100720,N,2026-01-26,13486.08,CO
200703,200703,12,203,100721,N,2026-03-13,13486.08,CO
200704,200704,12,201,100722,N,2026-02-03,13486.08,CO
200705,200705,12,206,100723,N,2026-02-23,999.00,CO
200706,200706,12,207,100724,N,2026-02-21,329.00,CO
200707,200707,50001,122,100725,Y,2026-01-19,3057.24,CO
200708,200708,50001,121,100726,Y,2026-04-12,7554.27,CO
200709,200709,50001,131,100727,Y,2026-05-27,4002.21,CO
200710,200710,50001,127,100728,Y,2026-02-26,6614.76,CO
200711,200711,50001,125,100729,Y,2026-02-16,4028.64,CO
200712,200712,50001,121,100730,Y,2026-04-27,9324.82,CO
200713,200713,50001,129,100731,Y,2026-04-12,4755.81,CO
200714,200714,50001,121,100732,Y,2026-03-07,3791.71,CO
200715,200715,50001,128,100733,Y,2026-04-27,5168.61,CO
200716,200716,50001,124,100734,Y,2026-02-22,5301.66,CO
200717,200717,50001,120,100735,Y,2026-02-02,3548.40,CO
200718,200718,50001,128,100736,Y,2026-03-22,9148.95,CO
200719,200719,50001,132,100737,Y,2026-02-17,6932.79,CO
200720,200720,50001,120,100738,Y,2026-01-16,8704.26,CO
200721,200721,50001,131,100739,Y,2026-03-24,10074.78,CO
200722,200722,50001,134,100740,Y,2026-04-08,3525.63,CO
200723,200723,50001,201,100741,N,2026-02-08,16646.58,CO
200724,200724,50001,200,100742,N,2026-02-12,16646.58,CO
200725,200725,50001,205,100743,N,2026-02-17,16646.59,CO
200726,200726,50001,206,100744,N,2026-02-20,882.00,CO
200727,200727,50001,207,100745,N,2026-02-28,420.00,CO
200728,200728,50002,133,100746,Y,2026-05-31,2433.95,CO
200729,200729,50002,120,100747,Y,2026-01-16,7359.26,CO
200730,200730,50002,128,100748,Y,2026-01-10,7900.53,CO
200731,200731,50002,133,100750,Y,2026-02-10,4758.54,CO
200732,200732,50002,130,100751,Y,2026-01-02,3130.14,CO
200733,200733,50002,120,100752,Y,2026-01-15,10259.76,CO
200734,200734,50002,131,100753,Y,2026-04-02,5025.54,CO
200735,200735,50002,127,100754,Y,2026-01-28,8280.53,CO
200736,200736,50002,129,100755,Y,2026-04-02,3441.79,CO
200737,200737,50002,124,100756,Y,2026-03-18,2414.82,CO
200738,200738,50002,129,100757,Y,2026-02-18,5415.56,CO
200739,200739,50002,201,100759,N,2026-03-04,11396.58,CO
200740,200740,50002,201,100760,N,2026-02-19,11396.58,CO
200741,200741,50002,201,100761,N,2026-03-10,11396.58,CO
200742,200742,50002,206,100762,N,2026-02-21,1080.00,CO
200743,200743,50002,207,100763,N,2026-02-16,364.00,CO
200744,200744,12,123,100764,Y,2026-03-16,9631.70,CO
200745,200745,12,127,100765,Y,2026-04-04,665.88,CO
200746,200746,12,133,100766,Y,2026-04-11,4477.65,CO
200747,200747,12,131,100767,Y,2026-04-25,9518.20,CO
200748,200748,12,132,100768,Y,2026-03-07,4337.60,CO
200749,200749,12,123,100769,Y,2026-02-11,4573.76,CO
200750,200750,12,124,100770,Y,2026-03-02,3857.99,CO
200751,200751,12,127,100771,Y,2026-03-17,10523.21,CO
200752,200752,12,126,100772,Y,2026-04-26,8004.30,CO
200753,200753,12,128,100773,Y,2026-03-02,3670.36,CO
200754,200754,12,123,100774,Y,2026-02-25,8553.48,CO
200755,200755,12,129,100775,Y,2026-03-31,9278.40,CO
200756,200756,12,127,100776,Y,2026-04-08,5262.98,CO
200757,200757,12,123,100777,Y,2026-04-09,2564.68,CO
200758,200758,12,120,100778,Y,2026-03-13,2221.43,CO
200759,200759,12,120,100779,Y,2026-03-14,3918.40,CO
200760,200760,12,201,100780,N,2026-03-18,14590.06,CO
200761,200761,12,202,100781,N,2026-03-20,14590.06,CO
200762,200762,12,200,100782,N,2026-03-25,14590.06,CO
200763,200763,12,206,100783,N,2026-03-28,1062.00,CO
200764,200764,12,207,100784,N,2026-03-22,367.50,CO
200765,200765,50001,125,100785,Y,2026-04-01,2061.26,CO
200766,200766,50001,121,100786,Y,2026-04-22,8210.25,CO
200767,200767,50001,133,100787,Y,2026-03-18,8835.39,CO
200768,200768,50001,126,100788,Y,2026-04-03,6704.58,CO
200769,200769,50001,120,100789,Y,2026-03-11,4488.63,CO
200770,200770,50001,125,100790,Y,2026-03-02,5673.03,CO
200771,200771,50001,127,100791,Y,2026-04-05,9345.22,CO
200772,200772,50001,133,100792,Y,2026-04-20,6941.64,CO
200773,200773,50001,130,100793,Y,2026-04-20,3825.95,CO
200774,200774,50001,130,100794,Y,2026-03-24,7950.30,CO
200775,200775,50001,129,100795,Y,2026-03-29,4915.17,CO
200776,200776,50001,123,100796,Y,2026-03-21,5153.14,CO
200777,200777,50001,125,100797,Y,2026-03-01,2012.74,CO
200778,200778,50001,120,100798,Y,2026-02-07,3675.84,CO
200779,200779,50001,133,100799,Y,2026-03-17,3863.48,CO
200780,200780,50001,124,100800,Y,2026-02-27,1697.88,CO
200781,200781,50001,200,100801,N,2026-03-07,13717.52,CO
200782,200782,50001,200,100802,N,2026-03-23,13717.52,CO
200783,200783,50001,202,100803,N,2026-03-04,13717.53,CO
200784,200784,50001,206,100804,N,2026-03-15,936.00,CO
200785,200785,50001,207,100805,N,2026-03-25,315.00,CO
200786,200786,50002,129,100806,Y,2026-04-06,6553.55,CO
200787,200787,50002,125,100807,Y,2026-05-02,1609.10,CO
200788,200788,50002,127,100808,Y,2026-04-04,3285.93,CO
200789,200789,50002,129,100809,Y,2026-03-26,10082.03,CO
200790,200790,50002,128,100810,Y,2026-03-03,1545.94,CO
200791,200791,50002,127,100811,Y,2026-05-13,9633.54,CO
200792,200792,50002,121,100812,Y,2026-05-30,5329.79,CO
200793,200793,50002,131,100813,Y,2026-02-14,3010.42,CO
200794,200794,50002,131,100814,Y,2026-04-08,8636.77,CO
200795,200795,50002,131,100815,Y,2026-02-16,10052.74,CO
200796,200796,50002,134,100816,Y,2026-04-27,3918.40,CO
200797,200797,50002,130,100817,Y,2026-05-26,9787.31,CO
200798,200798,50002,121,100818,Y,2026-03-28,6318.31,CO
200799,200799,50002,122,100819,Y,2026-03-18,4784.27,CO
200800,200800,50002,120,100820,Y,2026-03-29,5317.90,CO
200801,200801,50002,126,100821,Y,2026-03-17,3844.26,CO
200802,200802,50002,132,100822,Y,2026-03-31,7066.12,CO
200803,200803,50002,205,100823,N,2026-04-06,16298.01,CO
200804,200804,50002,205,100824,N,2026-03-12,16298.01,CO
200805,200805,50002,205,100825,N,2026-04-03,16298.02,CO
200806,200806,50002,206,100826,N,2026-03-19,801.00,CO
200807,200807,50002,207,100827,N,2026-03-18,308.00,CO
200808,200808,12,132,100828,Y,2026-03-31,10503.89,CO
200809,200809,12,129,100829,Y,2026-04-05,10214.60,CO
200810,200810,12,126,100830,Y,2026-04-29,8543.83,CO
200811,200811,12,130,100831,Y,2026-03-17,13817.22,CO
200812,200812,12,123,100832,Y,2026-04-03,9517.11,CO
200813,200813,12,120,100833,Y,2026-03-15,10838.52,CO
200814,200814,12,130,100834,Y,2026-04-29,12912.58,CO
200815,200815,12,124,100835,Y,2026-04-04,9043.95,CO
200816,200816,12,131,100836,Y,2026-05-06,3960.57,CO
200817,200817,12,133,100837,Y,2026-05-05,3275.34,CO
200818,200818,12,124,100838,Y,2026-04-26,2645.28,CO
200819,200819,12,121,100839,Y,2026-04-17,13775.54,CO
200820,200820,12,127,100840,Y,2026-03-19,4672.14,CO
200821,200821,12,125,100841,Y,2026-04-23,2060.58,CO
200822,200822,12,124,100842,Y,2026-04-23,9835.82,CO
200823,200823,12,121,100843,Y,2026-05-12,12967.74,CO
200824,200824,12,201,100844,N,2026-05-11,21311.88,CO
200825,200825,12,204,100845,N,2026-05-09,21311.88,CO
200826,200826,12,204,100846,N,2026-04-03,21311.88,CO
200827,200827,12,206,100847,N,2026-04-27,1053.00,CO
200828,200828,12,207,100848,N,2026-04-24,304.50,CO
200829,200829,50001,122,100849,Y,2026-05-21,11287.17,CO
200830,200830,50001,131,100850,Y,2026-04-10,13694.64,CO
200831,200831,50001,128,100851,Y,2026-04-13,10827.50,CO
200832,200832,50001,127,100852,Y,2026-03-09,4965.72,CO
200833,200833,50001,126,100853,Y,2026-05-22,3981.40,CO
200834,200834,50001,131,100854,Y,2026-05-25,4718.84,CO
200835,200835,50001,124,100855,Y,2026-06-04,8624.73,CO
200836,200836,50001,130,100856,Y,2026-05-02,12194.26,CO
200837,200837,50001,130,100857,Y,2026-03-20,4657.43,CO
200838,200838,50001,133,100858,Y,2026-04-23,12452.91,CO
200839,200839,50001,128,100859,Y,2026-05-11,10501.43,CO
200840,200840,50001,127,100860,Y,2026-04-04,13179.80,CO
200841,200841,50001,125,100861,Y,2026-04-12,8990.02,CO
200842,200842,50001,120,100862,Y,2026-03-27,9345.50,CO
200843,200843,50001,201,100863,N,2026-05-06,23174.12,CO
200844,200844,50001,201,100864,N,2026-05-02,23174.12,CO
200845,200845,50001,204,100865,N,2026-04-02,23174.12,CO
200846,200846,50001,206,100866,N,2026-04-19,972.00,CO
200847,200847,50001,207,100867,N,2026-04-22,346.50,CO
200848,200848,50002,124,100868,Y,2026-05-08,2796.06,CO
200849,200849,50002,129,100869,Y,2026-04-06,10128.79,CO
200850,200850,50002,129,100870,Y,2026-05-10,2164.76,CO
200851,200851,50002,131,100871,Y,2026-05-19,6463.65,CO
200852,200852,50002,134,100872,Y,2026-04-18,5872.81,CO
200853,200853,50002,128,100873,Y,2026-05-05,5163.07,CO
200854,200854,50002,132,100874,Y,2026-05-30,5378.81,CO
200855,200855,50002,121,100875,Y,2026-04-09,7302.10,CO
200856,200856,50002,130,100876,Y,2026-03-07,9108.93,CO
200857,200857,50002,134,100877,Y,2026-04-09,5489.13,CO
200858,200858,50002,130,100878,Y,2026-04-27,3873.53,CO
200859,200859,50002,123,100879,Y,2026-03-05,4740.17,CO
200860,200860,50002,128,100880,Y,2026-04-07,9137.11,CO
200861,200861,50002,128,100881,Y,2026-04-25,10901.04,CO
200862,200862,50002,128,100882,Y,2026-04-08,8731.38,CO
200863,200863,50002,133,100883,Y,2026-05-11,4285.40,CO
200864,200864,50002,200,100884,N,2026-04-14,16237.73,CO
200865,200865,50002,204,100885,N,2026-04-19,16237.73,CO
200866,200866,50002,204,100886,N,2026-04-15,16237.72,CO
200867,200867,50002,206,100887,N,2026-04-26,1026.00,CO
200868,200868,50002,207,100888,N,2026-04-16,297.50,CO
200869,200869,12,132,100889,Y,2026-05-23,15158.53,CO
200870,200870,12,123,100890,Y,2026-05-20,4426.23,CO
200871,200871,12,124,100891,Y,2026-05-23,4550.88,CO
200872,200872,12,122,100892,Y,2026-06-01,15313.11,CO
200873,200873,12,130,100893,Y,2026-07-25,17018.45,CO
200874,200874,12,131,100894,Y,2026-05-05,18860.07,CO
200875,200875,12,120,100895,Y,2026-06-06,7898.40,CO
200876,200876,12,120,100896,Y,2026-05-02,2598.89,CO
200877,200877,12,132,100897,Y,2026-06-27,19315.50,CO
200878,200878,12,124,100898,Y,2026-06-05,14076.49,CO
200879,200879,12,121,100899,Y,2026-09-02,7685.65,CO
200880,200880,12,121,100900,Y,2026-06-19,8438.58,CO
200881,200881,12,130,100901,Y,2026-04-19,3262.74,CO
200882,200882,12,123,100902,Y,2026-05-31,6254.56,CO
200883,200883,12,134,100903,Y,2026-06-21,18374.74,CO
200884,200884,12,120,100904,Y,2026-06-29,10330.08,CO
200885,200885,12,127,100905,Y,2026-05-28,3656.66,CO
200886,200886,12,203,100906,N,2026-05-31,30070.39,CO
200887,200887,12,205,100907,N,2026-05-26,30070.39,CO
200888,200888,12,200,100908,N,2026-05-17,30070.40,CO
200889,200889,12,206,100909,N,2026-05-26,828.00,CO
200890,200890,12,207,100910,N,2026-05-17,385.00,CO
200891,200891,50001,126,100911,Y,2026-06-05,4268.32,CO
200892,200892,50001,126,100912,Y,2026-05-26,13739.08,CO
200893,200893,50001,134,100913,Y,2026-06-23,16925.37,CO
200894,200894,50001,124,100914,Y,2026-04-28,6588.65,CO
200895,200895,50001,129,100915,Y,2026-06-14,16912.08,CO
200896,200896,50001,134,100917,Y,2026-05-27,3385.32,CO
200897,200897,50001,132,100918,Y,2026-06-20,16317.03,CO
200898,200898,50001,128,100919,Y,2026-06-07,7482.20,CO
200899,200899,50001,120,100920,Y,2026-05-10,14839.41,CO
200900,200900,50001,122,100921,Y,2026-06-21,8094.52,CO
200901,200901,50001,124,100922,Y,2026-06-10,8029.70,CO
200902,200902,50001,201,100923,N,2026-04-30,24304.06,CO
200903,200903,50001,205,100924,N,2026-06-01,24304.06,CO
200904,200904,50001,204,100925,N,2026-06-02,24304.05,CO
200905,200905,50001,206,100926,N,2026-05-22,828.00,CO
200906,200906,50001,207,100927,N,2026-05-15,357.00,CO
200907,200907,50002,126,100928,Y,2026-05-09,6435.73,CO
200908,200908,50002,126,100929,Y,2026-06-25,17031.74,CO
200909,200909,50002,122,100930,Y,2026-04-26,17819.59,CO
200910,200910,50002,123,100931,Y,2026-04-27,8571.55,CO
200911,200911,50002,126,100932,Y,2026-06-02,7258.81,CO
200912,200912,50002,121,100933,Y,2026-07-06,16611.23,CO
200913,200913,50002,124,100934,Y,2026-04-16,19877.29,CO
200914,200914,50002,121,100935,Y,2026-05-22,16235.59,CO
200915,200915,50002,122,100936,Y,2026-04-11,10556.13,CO
200916,200916,50002,126,100937,Y,2026-04-06,12838.22,CO
200917,200917,50002,121,100938,Y,2026-06-09,3011.76,CO
200918,200918,50002,122,100939,Y,2026-07-07,16450.00,CO
200919,200919,50002,133,100940,Y,2026-06-24,12595.54,CO
200920,200920,50002,132,100941,Y,2026-04-25,4358.08,CO
200921,200921,50002,123,100942,Y,2026-06-05,15972.97,CO
200922,200922,50002,128,100943,Y,2026-04-12,19019.64,CO
200923,200923,50002,127,100944,Y,2026-07-21,17635.09,CO
200924,200924,50002,201,100945,N,2026-04-27,37779.82,CO
200925,200925,50002,204,100946,N,2026-05-19,37779.82,CO
200926,200926,50002,204,100947,N,2026-05-21,37779.81,CO
200927,200927,50002,206,100948,N,2026-05-22,837.00,CO
200928,200928,50002,207,100949,N,2026-05-26,399.00,CO
200929,200929,12,125,100950,Y,2026-07-08,7450.57,CO
200930,200930,12,132,100951,Y,2026-06-23,2015.82,CO
200931,200931,12,131,100952,Y,2026-07-25,9926.31,CO
200932,200932,12,122,100953,Y,2026-08-02,4368.85,CO
200933,200933,12,125,100954,Y,2026-06-14,4645.97,CO
200934,200934,12,126,100955,Y,2026-05-04,9266.90,CO
200935,200935,12,133,100956,Y,2026-08-17,11522.27,CO
200936,200936,12,122,100957,Y,2026-07-07,3480.72,CO
200937,200937,12,125,100958,Y,2026-06-22,16677.40,CO
200938,200938,12,123,100959,Y,2026-05-07,13455.45,CO
200939,200939,12,127,100960,Y,2026-07-01,9816.13,CO
200940,200940,12,132,100961,Y,2026-07-05,13363.63,CO
200941,200941,12,127,100962,Y,2026-06-15,7360.43,CO
200942,200942,12,124,100963,Y,2026-07-18,18889.37,CO
200943,200943,12,122,100964,Y,2026-06-07,11053.16,CO
200944,200944,12,205,100965,N,2026-06-22,23737.75,CO
200945,200945,12,205,100966,N,2026-06-04,23737.75,CO
200946,200946,12,202,100967,N,2026-06-21,23737.74,CO
200947,200947,12,206,100968,N,2026-06-24,846.00,CO
200948,200948,12,207,100969,N,2026-06-20,325.50,CO
200949,200949,50001,124,100970,Y,2026-07-21,4428.94,CO
200950,200950,50001,122,100971,Y,2026-09-08,17330.14,CO
200951,200951,50001,125,100972,Y,2026-07-14,8867.90,CO
200952,200952,50001,124,100973,Y,2026-07-09,3821.28,CO
200953,200953,50001,125,100974,Y,2026-07-17,15383.62,CO
200954,200954,50001,120,100975,Y,2026-06-26,16849.35,CO
200955,200955,50001,130,100976,Y,2026-09-27,13902.85,CO
200956,200956,50001,122,100977,Y,2026-07-16,10246.83,CO
200957,200957,50001,122,100978,Y,2026-06-10,15204.99,CO
200958,200958,50001,133,100979,Y,2026-06-17,5135.11,CO
200959,200959,50001,123,100980,Y,2026-06-24,19752.45,CO
200960,200960,50001,121,100981,Y,2026-06-11,1856.80,CO
200961,200961,50001,201,100982,N,2026-06-27,21384.34,CO
200962,200962,50001,205,100983,N,2026-06-29,21384.34,CO
200963,200963,50001,200,100984,N,2026-06-06,21384.33,CO
200964,200964,50001,206,100985,N,2026-06-25,765.00,CO
200965,200965,50001,207,100986,N,2026-06-21,336.00,CO
200966,200966,50002,128,100987,Y,2026-08-31,9974.73,CO
200967,200967,50002,122,100988,Y,2026-08-29,6258.62,CO
200968,200968,50002,122,100989,Y,2026-07-10,18934.45,CO
200969,200969,50002,131,100990,Y,2026-05-27,9310.30,CO
200970,200970,50002,120,100991,Y,2026-05-18,4864.67,CO
200971,200971,50002,120,100992,Y,2026-07-12,16331.84,CO
200972,200972,50002,132,100993,Y,2026-05-29,10069.88,CO
200973,200973,50002,129,100994,Y,2026-06-07,2873.06,CO
200974,200974,50002,133,100995,Y,2026-06-07,7205.18,CO
200975,200975,50002,124,100996,Y,2026-06-13,1553.89,CO
200976,200976,50002,120,100997,Y,2026-07-19,5681.01,CO
200977,200977,50002,124,100998,Y,2026-06-15,14744.22,CO
200978,200978,50002,123,100999,Y,2026-06-22,3423.96,CO
200979,200979,50002,122,101000,Y,2026-07-24,15827.68,CO
200980,200980,50002,125,101001,Y,2026-09-03,13689.16,CO
200981,200981,50002,121,101002,Y,2026-06-20,9891.26,CO
200982,200982,50002,124,101003,Y,2026-06-21,9968.04,CO
200983,200983,50002,201,101005,N,2026-06-29,26214.56,CO
200984,200984,50002,203,101006,N,2026-06-27,26214.56,CO
200985,200985,50002,200,101007,N,2026-06-03,26214.57,CO
200986,200986,50002,206,101008,N,2026-06-18,990.00,CO
200987,200987,50002,207,101009,N,2026-06-15,304.50,CO
200988,200988,12,122,101010,Y,2026-07-04,6627.99,CO
200989,200989,12,126,101011,Y,2026-06-14,3511.02,CO
200990,200990,12,129,101012,Y,2026-07-27,12392.49,CO
200991,200991,12,126,101013,Y,2026-09-07,15029.94,CO
200992,200992,12,132,101014,Y,2026-06-22,3041.54,CO
200993,200993,12,123,101015,Y,2026-06-24,9139.69,CO
200994,200994,12,123,101016,Y,2026-07-23,11582.64,CO
200995,200995,12,125,101017,Y,2026-08-17,2652.54,CO
200996,200996,12,129,101018,Y,2026-08-03,10211.11,CO
200997,200997,12,122,101019,Y,2026-09-08,4946.27,CO
200998,200998,12,127,101020,Y,2026-06-12,16267.35,CO
200999,200999,12,129,101021,Y,2026-08-26,12659.09,CO
201000,201000,12,201,101022,N,2026-07-15,17097.91,CO
201001,201001,12,205,101023,N,2026-07-13,17097.91,CO
201002,201002,12,204,101024,N,2026-07-04,17097.92,CO
201003,201003,12,206,101025,N,2026-07-16,1062.00,CO
201004,201004,12,207,101026,N,2026-07-22,304.50,CO
201005,201005,50001,125,101027,Y,2026-07-15,15311.62,CO
201006,201006,50001,126,101028,Y,2026-07-14,17137.55,CO
201007,201007,50001,121,101029,Y,2026-08-04,11393.18,CO
201008,201008,50001,134,101030,Y,2026-07-17,3864.79,CO
201009,201009,50001,127,101031,Y,2026-07-15,12083.98,CO
201010,201010,50001,125,101033,Y,2026-08-09,11471.99,CO
201011,201011,50001,123,101034,Y,2026-07-23,9082.68,CO
201012,201012,50001,122,101035,Y,2026-07-12,4827.22,CO
201013,201013,50001,131,101036,Y,2026-06-26,4805.43,CO
201014,201014,50001,133,101037,Y,2026-07-18,9324.13,CO
201015,201015,50001,120,101038,Y,2026-08-24,15335.10,CO
201016,201016,50001,126,101039,Y,2026-07-28,3165.61,CO
201017,201017,50001,133,101040,Y,2026-07-21,12037.03,CO
201018,201018,50001,129,101041,Y,2026-07-23,14979.64,CO
201019,201019,50001,131,101042,Y,2026-07-19,3839.65,CO
201020,201020,50001,200,101043,N,2026-08-09,23875.81,CO
201021,201021,50001,205,101044,N,2026-07-24,23875.81,CO
201022,201022,50001,203,101045,N,2026-08-07,23875.81,CO
201023,201023,50001,206,101046,N,2026-07-27,1035.00,CO
201024,201024,50001,207,101047,N,2026-07-21,339.50,CO
201025,201025,50002,122,101048,Y,2026-07-09,14915.92,CO
201026,201026,50002,129,101049,Y,2026-08-13,4439.48,CO
201027,201027,50002,131,101050,Y,2026-08-12,17518.16,CO
201028,201028,50002,133,101051,Y,2026-07-07,8878.13,CO
201029,201029,50002,132,101052,Y,2026-07-12,17944.05,CO
201030,201030,50002,126,101053,Y,2026-07-07,13435.39,CO
201031,201031,50002,133,101054,Y,2026-08-25,18297.82,CO
201032,201032,50002,130,101055,Y,2026-08-15,12637.29,CO
201033,201033,50002,128,101057,Y,2026-07-23,15920.27,CO
201034,201034,50002,128,101058,Y,2026-07-11,11414.97,CO
201035,201035,50002,123,101059,Y,2026-07-07,11996.79,CO
201036,201036,50002,204,101060,N,2026-07-22,26355.50,CO
201037,201037,50002,205,101061,N,2026-07-19,26355.50,CO
201038,201038,50002,204,101062,N,2026-07-02,26355.49,CO
201039,201039,50002,206,101063,N,2026-07-25,783.00,CO
201040,201040,50002,207,101064,N,2026-07-15,329.00,CO
201041,201041,12,122,101065,Y,2026-09-03,10639.08,CO
201042,201042,12,129,101066,Y,2026-09-14,3457.79,CO
201043,201043,12,125,101067,Y,2026-08-24,9724.73,CO
201044,201044,12,126,101068,Y,2026-09-10,10823.70,CO
201045,201045,12,121,101069,Y,2026-08-31,6752.18,CO
201046,201046,12,130,101070,Y,2026-09-02,14305.18,CO
201047,201047,12,130,101071,Y,2026-08-14,5373.80,CO
201048,201048,12,120,101072,Y,2026-08-18,14513.50,CO
201049,201049,12,133,101073,Y,2026-08-14,1011.89,CO
201050,201050,12,131,101074,Y,2026-09-15,13369.63,CO
201051,201051,12,131,101075,Y,2026-07-15,2890.98,CO
201052,201052,12,203,101077,N,2026-08-24,17502.78,CO
201053,201053,12,202,101078,N,2026-08-09,17502.78,CO
201054,201054,12,200,101079,N,2026-08-28,17502.78,CO
201055,201055,12,206,101080,N,2026-08-27,954.00,CO
201056,201056,12,207,101081,N,2026-08-17,297.50,CO
201057,201057,50001,129,101082,Y,2026-08-31,13365.90,CO
201058,201058,50001,125,101083,Y,2026-09-03,14784.18,CO
201059,201059,50001,123,101084,Y,2026-09-03,3597.50,CO
201060,201060,50001,129,101085,Y,2026-08-30,11781.70,CO
201061,201061,50001,128,101086,Y,2026-09-10,7504.36,CO
201062,201062,50001,121,101087,Y,2026-09-17,11594.59,CO
201063,201063,50001,125,101089,Y,2026-08-07,14493.55,CO
201064,201064,50001,120,101091,Y,2026-08-21,12578.78,CO
201065,201065,50001,130,101092,Y,2026-08-03,7370.89,CO
201066,201066,50001,123,101093,Y,2026-08-26,6749.69,CO
201067,201067,50001,134,101094,Y,2026-08-23,6051.14,CO
201068,201068,50001,122,101095,Y,2026-07-18,13473.17,CO
201069,201069,50001,134,101096,Y,2026-07-28,8765.49,CO
201070,201070,50001,121,101097,Y,2026-08-30,8574.63,CO
201071,201071,50001,204,101098,N,2026-08-16,24893.30,CO
201072,201072,50001,204,101099,N,2026-08-30,24893.30,CO
201073,201073,50001,203,101100,N,2026-08-19,24893.29,CO
201074,201074,50001,206,101101,N,2026-08-27,1071.00,CO
201075,201075,50001,207,101102,N,2026-08-25,388.50,CO
201076,201076,50002,131,101103,Y,2026-09-04,3749.68,CO
201077,201077,50002,121,101104,Y,2026-08-19,11787.93,CO
201078,201078,50002,125,101106,Y,2026-08-14,7970.89,CO
201079,201079,50002,126,101107,Y,2026-08-24,10861.12,CO
201080,201080,50002,126,101109,Y,2026-09-08,5797.92,CO
201081,201081,50002,123,101110,Y,2026-07-12,8180.45,CO
201082,201082,50002,128,101111,Y,2026-08-05,5149.27,CO
201083,201083,50002,126,101112,Y,2026-09-15,3422.87,CO
201084,201084,50002,127,101113,Y,2026-08-15,5189.18,CO
201085,201085,50002,121,101114,Y,2026-09-26,8125.56,CO
201086,201086,50002,126,101115,Y,2026-07-31,12369.22,CO
201087,201087,50002,134,101116,Y,2026-07-30,5527.23,CO
201088,201088,50002,203,101117,N,2026-08-14,17195.58,CO
201089,201089,50002,204,101118,N,2026-08-26,17195.58,CO
201090,201090,50002,202,101119,N,2026-08-25,17195.58,CO
201091,201091,50002,206,101120,N,2026-08-24,1008.00,CO
201092,201092,50002,207,101121,N,2026-08-15,406.00,CO
201093,201093,12,126,101126,Y,2026-09-11,2565.73,CO
201094,201094,12,120,101128,Y,2026-08-29,8002.89,CO
201095,201095,12,122,101132,Y,2026-09-20,619.51,CO
201096,201096,12,125,101134,Y,2026-09-02,2382.83,CO
201097,201097,12,125,101136,Y,2026-09-09,9067.77,CO
201098,201098,12,121,101137,Y,2026-09-21,8881.10,CO
201099,201099,12,121,101138,Y,2026-09-17,6678.68,CO
201100,201100,12,204,101140,N,2026-09-24,23359.51,CO
201101,201101,12,201,101142,N,2026-09-22,23359.52,CO
201102,201102,12,206,101143,N,2026-09-26,900.00,CO
201103,201103,12,207,101144,N,2026-09-23,336.00,CO
201104,201104,50001,130,101145,Y,2026-08-21,13725.68,CO
201105,201105,50001,132,101146,Y,2026-09-23,9523.79,CO
201106,201106,50001,127,101147,Y,2026-09-07,14097.76,CO
201107,201107,50001,126,101149,Y,2026-09-15,3453.97,CO
201108,201108,50001,120,101151,Y,2026-09-04,13185.72,CO
201109,201109,50001,124,101155,Y,2026-09-20,2376.56,CO
201110,201110,50001,124,101156,Y,2026-08-31,12534.26,CO
201111,201111,50001,131,101157,Y,2026-09-29,11828.94,CO
201112,201112,50001,204,101158,N,2026-09-21,19352.03,CO
201113,201113,50001,203,101159,N,2026-09-24,19352.03,CO
201114,201114,50001,202,101160,N,2026-08-31,19352.03,CO
201115,201115,50001,206,101161,N,2026-09-21,1080.00,CO
201116,201116,50001,207,101162,N,2026-09-23,371.00,CO
201117,201117,50002,123,101165,Y,2026-09-25,5258.00,CO
201118,201118,50002,134,101166,Y,2026-09-29,3088.15,CO
201119,201119,50002,131,101169,Y,2026-08-26,4451.20,CO
201120,201120,50002,124,101171,Y,2026-09-30,5499.79,CO
201121,201121,50002,132,101172,Y,2026-08-26,2425.42,CO
201122,201122,50002,125,101173,Y,2026-09-28,3560.46,CO
201123,201123,50002,122,101175,Y,2026-08-12,6603.51,CO
201124,201124,50002,133,101177,Y,2026-09-16,14633.96,CO
201125,201125,50002,204,101180,N,2026-09-12,14441.76,CO
201126,201126,50002,206,101181,N,2026-09-16,792.00,CO
201127,201127,50002,207,101182,N,2026-09-23,308.00,CO
201128,201128,12,122,101191,Y,2026-09-22,11981.84,CO
201129,201129,50002,120,101225,Y,2026-09-21,13077.73,CO
201130,201130,50002,128,101228,Y,2026-09-28,5247.96,CO
201131,201131,50002,200,101233,N,2026-09-30,19459.75,CO
