c_period_id,c_year_id,name,periodno,startdate,enddate,periodsort
1001,3025,Jan-25,1,2025-01-01,2025-01-31,202501
1002,3025,Feb-25,2,2025-02-01,2025-02-28,202502
1003,3025,Mar-25,3,2025-03-01,2025-03-31,202503
1004,3025,Apr-25,4,2025-04-01,2025-04-30,202504
1005,3025,May-25,5,2025-05-01,2025-05-31,202505
1006,3025,Jun-25,6,2025-06-01,2025-06-30,202506
1007,3025,Jul-25,7,2025-07-01,2025-07-31,202507
1008,3025,Aug-25,8,2025-08-01,2025-08-31,202508
1009,3025,Sep-25,9,2025-09-01,2025-09-30,202509
1010,3025,Oct-25,10,2025-10-01,2025-10-31,202510
1011,3025,Nov-25,11,2025-11-01,2025-11-30,202511
1012,3025,Dec-25,12,2025-12-01,2025-12-31,202512
1013,3026,Jan-26,1,2026-01-01,2026-01-31,202601
1014,3026,Feb-26,2,2026-02-01,2026-02-28,202602
1015,3026,Mar-26,3,2026-03-01,2026-03-31,202603
1016,3026,Apr-26,4,2026-04-01,2026-04-30,202604
1017,3026,May-26,5,2026-05-01,2026-05-31,202605
1018,3026,Jun-26,6,2026-06-01,2026-06-30,202606
1019,3026,Jul-26,7,2026-07-01,2026-07-31,202607
1020,3026,Aug-26,8,2026-08-01,2026-08-31,202608
1021,3026,Sep-26,9,2026-09-01,2026-09-30,202609
1022,3026,Oct-26,10,2026-10-01,2026-10-31,202610
1023,3026,Nov-26,11,2026-11-01,2026-11-30,202611
1024,3026,Dec-26,12,2026-12-01,2026-12-31,202612
